local time,activity,activity id,source activity,duration(s),elapsed time(s),distance(m),calories(kcal),steps,avg speed(m/s),max speed(m/s),avg heartrate,max heartrate,avg cadence,max cadence,avg power,max power,has GPS,min elevation(m),max elevation(m),elevationgain(m),elevationloss(m)
8/25/2025 12:26,Weight Training,1404,strength_training,1402.92,1402.92,0,243,196,0,0,123,147,0,0,0,0,0,0,0,0,0
8/25/2025 11:37,Running,100,running,2154.14,2154.14,5749.9,463,5906,2.67,3.29,133,149,82,88,330,416,1,250,259,17,14
8/24/2025 9:44,Cycling,500,cycling,4528.85,6884.26,6102.9,192,0,1.35,3.7,71,95,0,0,0,0,1,252,259,13,9
8/23/2025 9:44,Running,100,running,6266.04,6266.04,16767.08,1367,16456,2.68,3.59,147,165,78,88,319,518,1,241,260,77,77
8/21/2025 13:23,Running,100,running,1559.31,1559.31,5011.15,378,4068,3.21,3.98,153,169,76,86,387,542,1,250,261,15,16
8/19/2025 8:29,Running,100,running,4201.35,4219.16,11568.36,930,11294,2.75,3.68,147,167,79,88,334,472,1,245,261,39,41
8/15/2025 15:09,Running,100,running,5543.9,5543.9,12758.25,1114,13180,2.3,3.23,148,163,70,116,256,444,1,240,261,55,57
8/14/2025 15:23,Weight Training,1404,strength_training,1646.97,1646.97,0,249,64,0,0,117,159,0,0,0,0,0,0,0,0,0
8/13/2025 9:10,Running,100,running,2412.99,2412.99,7097.47,569,6522,2.94,3.66,148,165,80,85,360,493,1,250,260,15,14
8/11/2025 15:29,Running,100,running,2115.82,2121.02,5317.27,423,5504,2.51,3.53,132,150,77,85,302,492,1,250,261,13,9
8/10/2025 20:02,Running,100,running,1636.09,1636.09,4509.99,353,4338,2.76,3.62,143,155,79,84,341,453,1,251,263,15,11
8/8/2025 11:24,Running,100,Running,5175.48,5175.48,10769.25,974,11308,2.08,3.38,138,153,76,113,215,372,1,247,260,22,31
8/7/2025 10:24,Running,100,Running,1743.02,1743.02,4580.51,346,4789,2.63,4.24,137,144,83,88,240,324,1,248,259,8,14
8/6/2025 11:29,Running,100,Running,3017.29,3017.29,7988.37,616,7575,2.65,4.28,150,168,76,134,240,351,1,250,260,11,20
8/6/2025 7:27,Walking,200,Walking,901.34,901.34,781.46,43,922,0.87,1.27,78,87,24,25,0,0,1,256,256,0,0
8/5/2025 13:21,Weight Training,1404,Traditional Strength Training,2094.58,2094.58,0,257,0,0,0,119,149,0,0,0,0,0,0,0,0,0
8/5/2025 12:45,Running,100,Running,1713.6,1713.6,4583.88,351,4636,2.67,3.47,138,146,82,100,244,310,1,248,260,8,16
8/3/2025 19:41,Running,100,Running,1819.93,1819.93,4565.06,345,4690,2.51,3.24,134,144,79,101,232,349,1,247,259,7,15
8/2/2025 15:22,Weight Training,1404,Traditional Strength Training,1888.61,1888.61,0,156,0,0,0,99,128,0,0,0,0,0,0,0,0,0
8/1/2025 8:22,Running,100,Running,4207.84,4207.84,10796.77,822,11450,2.57,3.44,139,148,83,94,236,331,1,244,260,33,38
7/31/2025 19:05,Running,100,Running,2624.18,2624.18,5164.82,345,6651,1.97,2.57,121,132,76,105,175,226,1,217,223,5,15
7/30/2025 7:44,Running,100,Running,1990.14,1990.14,5005.53,411,4759,2.52,4.74,146,168,73,161,239,605,1,250,259,38,41
7/28/2025 13:44,Running,100,Running,1701.22,1701.22,4132.56,311,4557,2.43,3.15,138,145,82,187,224,323,1,247,259,8,8
7/28/2025 13:10,Weight Training,1404,Traditional Strength Training,2024.22,2024.22,0,166,0,0,0,99,124,0,0,0,0,0,0,0,0,0
7/27/2025 8:23,Running,100,Running,1908.09,1908.09,5243.23,396,5122,2.75,4.18,141,152,81,117,248,360,1,248,260,8,16
7/26/2025 9:49,Running,100,Running,2159.94,2159.94,3414.12,244,3792,1.58,4.37,105,144,63,157,167,502,1,247,260,10,20
7/25/2025 9:06,Running,100,Running,3548.1,3548.1,9000.18,696,9268,2.54,3.87,146,159,79,164,228,339,1,243,261,27,46
7/23/2025 8:50,Running,100,Running,1807.06,1807.06,5185.16,396,4792,2.87,3.97,150,165,80,94,260,368,1,247,259,6,17
7/22/2025 13:25,Weight Training,1404,Traditional Strength Training,1733.35,1733.35,0,160,0,0,0,108,139,0,0,0,0,0,0,0,0,0
7/21/2025 9:44,Running,100,Running,2408.16,2408.16,6434.84,490,6588,2.67,3.47,141,156,82,105,243,347,1,248,260,12,24
7/20/2025 16:00,Running,100,Running,1754.66,1754.66,4577.06,351,4411,2.61,3.71,141,154,76,89,235,340,1,247,260,7,15
7/18/2025 15:06,Running,100,Running,3001.26,3014.85,8161.75,629,7885,2.72,3.66,149,167,79,164,246,345,1,248,259,18,27
7/17/2025 12:15,Running,100,Running,1887.23,1887.23,5205.27,404,5094,2.76,3.42,150,168,82,164,255,360,1,248,259,7,17
7/15/2025 15:42,Weight Training,1404,Traditional Strength Training,1129.97,1129.97,0,110,0,0,0,113,133,0,0,0,0,0,0,0,0,0
7/13/2025 9:34,Running,100,Running,1741.27,1741.27,4348.6,339,4560,2.5,3.53,143,156,80,88,239,339,1,248,260,7,23
7/11/2025 9:02,Indoor Walking,206,Indoor Walking,1087.81,1087.81,971.87,45,1226,0.89,1.41,80,96,32,34,0,0,0,0,0,0,0
7/8/2025 17:10,Walking,200,Walking,1292.4,1292.4,961.15,75,1220,0.74,1.31,110,123,25,40,0,0,1,606,613,5,0
7/7/2025 17:06,Running,100,Running,2007.33,2007.33,5009.41,365,5420,2.5,3.05,139,145,81,85,221,257,1,682,689,30,42
7/6/2025 20:43,Walking,200,Walking,317.44,317.44,29.94,8,15,0.09,4.15,75,118,11,32,0,0,1,702,709,7,0
7/3/2025 7:54,Walking,200,Walking,1881,1881,1241,131,1705,0.66,0,0,0,30,43,0,0,1,0,0,0,0
7/1/2025 9:22,Running,100,Running,2320.92,2320.92,6007.93,445,6063,2.59,3.25,150,161,80,164,231,393,1,0,7,2,5
6/26/2025 13:44,Walking,200,Walking,1673.69,2838.72,1470.45,111,2271,0.88,1.61,88,117,23,39,0,0,1,679,709,30,32
6/26/2025 10:22,Walking,200,Walking,1089.68,1089.68,1371.11,81,1635,1.26,1.57,91,107,41,48,0,0,1,598,613,16,0
6/25/2025 15:07,Running,100,Running,3004.65,3004.65,7170.98,552,7927,2.39,3.24,147,154,80,85,213,321,1,682,688,32,31
6/22/2025 10:23,Running,100,Running,3594.44,3594.44,10010.26,747,9700,2.78,3.74,149,170,81,117,245,347,1,680,703,7,84
6/19/2025 19:02,Running,100,Running,1595.47,1595.47,5207.82,393,4290,3.26,4.19,152,165,81,129,289,354,1,268,275,4,12
6/18/2025 15:27,Weight Training,1404,Traditional Strength Training,1362.51,1362.51,0,106,0,0,0,94,120,0,0,0,0,0,0,0,0,0
6/17/2025 19:08,Walking,200,Walking,887.95,887.95,941.25,44,991,1.06,1.81,90,104,30,39,0,0,1,254,255,0,0
6/17/2025 18:25,Walking,200,Walking,1067.6,1067.6,914.58,61,1091,0.86,1.5,81,93,33,34,0,0,1,258,261,2,2
6/16/2025 10:38,Weight Training,1404,Traditional Strength Training,1305.8,1305.8,0,202,0,0,0,131,148,0,0,0,0,0,0,0,0,0
6/16/2025 10:08,Running,100,Running,1692.34,1692.34,5182.36,388,4549,3.06,3.91,148,160,81,160,270,348,1,248,261,8,14
6/13/2025 12:54,Running,100,Running,4499.38,4499.38,11461.15,863,11601,2.55,3.9,143,155,78,111,227,343,1,245,260,42,49
6/13/2025 12:41,Running,100,Running,37.81,37.81,0,0,0,0,0,61,73,0,0,0,0,0,0,0,0,0
6/11/2025 15:32,Running,100,Running,2214.99,2214.99,5861.84,456,5636,2.65,4.36,148,166,76,91,236,354,1,247,260,10,20
6/10/2025 21:07,Walking,200,Walking,1688.01,1688.01,1832.35,98,2324,1.09,1.44,81,102,44,47,0,0,1,257,260,2,2
6/9/2025 15:41,Weight Training,1404,Traditional Strength Training,1012.4,1012.4,0,110,0,0,0,118,148,0,0,0,0,0,0,0,0,0
6/9/2025 14:55,Running,100,Running,2223.41,2223.41,6072.32,449,6107,2.73,3.9,139,148,83,94,241,314,1,248,260,11,19
6/6/2025 11:40,Running,100,Running,4327.68,4327.68,11297.99,849,11659,2.61,4.55,141,157,81,96,231,322,1,243,262,22,40
6/4/2025 14:39,Running,100,Running,2641.07,2641.07,7147.27,533,6974,2.71,3.7,141,154,80,105,240,377,1,249,260,15,11
6/2/2025 15:05,Running,100,Running,2577.38,2577.38,7108.67,532,6772,2.76,3.55,148,160,79,103,244,413,1,248,260,11,22
6/1/2025 15:36,Running,100,Running,1976.17,1976.17,5347.62,401,5112,2.71,3.71,145,161,78,87,239,369,1,248,262,9,18
5/31/2025 10:59,Walking,200,Walking,2560.66,2560.66,2107.92,328,3579,0.82,3.57,99,121,45,72,0,0,1,255,258,0,3
5/29/2025 19:02,Running,100,Running,2630.77,2658.76,5031.06,345,6791,1.91,2.63,115,130,78,117,173,245,1,216,226,5,18
5/25/2025 8:39,Running,100,Running,3126.26,3126.26,8164.23,609,8038,2.61,3.29,146,168,78,100,233,291,1,3,7,12,8
5/22/2025 12:03,Running,100,Running,2051.05,2051.05,5693.14,431,5563,2.78,3.4,142,159,82,187,251,358,1,248,260,7,16
5/21/2025 17:01,Weight Training,1404,Traditional Strength Training,567.76,567.76,0,47,0,0,0,66,117,0,0,0,0,0,0,0,0,0
5/19/2025 14:14,Running,100,Running,3735.84,3735.84,10020.38,775,10102,2.68,3.78,142,151,81,88,245,368,1,243,260,30,47
5/16/2025 12:15,Running,100,Running,1896.05,1896.05,4801.55,368,4431,2.53,3.88,146,164,75,93,241,381,1,247,260,13,20
5/16/2025 11:41,Weight Training,1404,Traditional Strength Training,1221.74,1221.74,0,100,0,0,0,92,119,0,0,0,0,0,0,0,0,0
5/16/2025 10:06,Walking,200,Walking,3731.9,3731.9,3754.03,594,5835,1.01,5.51,116,132,47,79,0,0,1,253,259,2,5
5/14/2025 12:24,Running,100,Running,1831.62,1831.62,5137.85,395,4858,2.81,3.52,144,158,80,86,258,328,1,248,259,9,12
5/12/2025 10:44,Running,100,Running,2266.42,2309.59,6531.85,497,5707,2.88,3.99,149,168,76,86,256,414,1,248,260,7,16
5/8/2025 14:26,Running,100,Running,1520.22,1520.51,4532.73,343,3976,2.98,4.05,153,166,79,105,266,360,1,248,259,12,16
5/7/2025 14:49,Walking,200,Walking,1715,1715,2018.36,119,2286,1.18,1.85,82,95,37,45,0,0,1,256,260,3,0
5/3/2025 7:55,Running,100,Running,7207.02,7207.02,21157.37,1609,19908,2.94,3.73,144,166,83,113,264,338,1,208,225,24,47
5/2/2025 15:07,Walking,200,Walking,1536.32,1536.32,1682.43,95,1817,1.1,1.64,82,117,32,51,0,0,1,256,258,3,0
5/2/2025 7:26,Walking,200,Walking,1135.25,1135.25,1260.27,68,1534,1.11,1.63,82,104,36,40,0,0,1,257,258,0,0
4/30/2025 12:26,Walking,200,Walking,3288.87,3288.87,4013.23,714,6756,1.22,5.69,109,126,60,80,0,0,1,256,259,2,3
4/30/2025 7:23,Walking,200,Walking,1483.95,1483.95,1609.16,132,1934,1.08,1.76,90,107,37,44,0,0,1,257,260,0,0
4/28/2025 12:44,Running,100,Running,1989.06,1989.06,6278.05,533,5406,3.16,3.8,154,165,82,88,287,453,1,248,261,13,22
4/25/2025 14:29,Running,100,Running,1801.85,1801.85,4401.95,373,4807,2.44,2.98,127,150,81,94,221,299,1,249,260,15,14
4/24/2025 11:52,Running,100,Running,2194.34,2194.34,5756.58,489,6017,2.62,3.11,131,140,83,88,240,333,1,248,260,9,15
4/24/2025 7:22,Walking,200,Walking,1242.63,1242.63,1531.64,112,1827,1.23,1.77,100,116,44,49,0,0,1,257,260,0,2
4/23/2025 16:17,Walking,200,Walking,211.78,211.78,4.57,9,25,0.02,1.78,54,62,1,1,0,0,0,0,0,0,0
4/23/2025 12:16,Weight Training,1404,Functional Strength Training,915.01,915.01,0,105,0,0,0,101,114,0,0,0,0,0,0,0,0,0
4/23/2025 11:13,Walking,200,Walking,3075.94,3075.94,3321.1,653,5588,1.08,3.85,103,119,55,73,0,0,1,257,258,0,0
4/21/2025 10:53,Running,100,Running,6068.25,6068.25,17862.77,1536,16569,2.94,3.89,147,165,82,116,269,407,1,244,262,55,66
4/18/2025 11:44,Running,100,Running,5569.05,5604.61,14578.62,1253,14347,2.62,3.44,152,167,78,101,236,588,1,248,261,40,39
4/16/2025 14:37,Running,100,Running,1537.75,1537.75,4292.36,364,3968,2.79,3.86,134,161,78,87,247,412,1,245,259,13,28
4/14/2025 14:20,Running,100,Running,1870.37,1870.37,5312.8,474,5088,2.84,3.86,147,153,82,85,272,542,1,247,260,10,18
4/11/2025 9:43,Running,100,Running,1741.26,1741.26,5029.54,413,4721,2.89,3.6,143,153,82,94,256,314,1,1,7,16,24
4/10/2025 7:29,Treadmill Running,106,Indoor Running,3440.92,3440.92,10000,846,9067,2.91,3.6,148,163,80,98,0,0,0,0,0,0,0
4/9/2025 8:25,Indoor Walking,206,Indoor Walking,541.99,541.99,136.32,30,340,0.25,1.5,71,96,13,14,0,0,0,0,0,0,0
4/8/2025 6:56,Treadmill Running,106,Indoor Running,2100.21,2100.21,5366.24,474,5372,2.56,3.23,145,160,78,105,0,0,0,0,0,0,0
4/6/2025 7:14,Treadmill Running,106,Indoor Running,2778.35,2803.06,8046,670,7367,2.9,3.35,151,161,81,106,0,0,0,0,0,0,0
4/6/2025 7:02,Indoor Walking,206,Indoor Walking,677.05,677.05,1969,159,1780,2.91,3.19,135,147,82,102,0,0,0,0,0,0,0
4/6/2025 7:02,Treadmill Running,106,Indoor Running,187.98,187.98,452.02,37,466,2.4,3.03,118,128,81,118,0,0,0,0,0,0,0
4/3/2025 10:42,Running,100,Running,1307.02,1307.02,4015.81,338,3415,3.07,4.73,150,162,79,91,274,436,1,251,261,6,14
3/31/2025 14:58,Treadmill Running,106,Indoor Running,522.71,522.71,62.84,22,81,0.12,0.19,58,67,74,140,0,0,0,0,0,0,0
3/30/2025 9:17,Running,100,Running,5864.06,5864.06,16729.85,1381,16082,2.85,3.48,147,162,82,91,250,456,1,248,260,35,30
3/29/2025 19:22,Treadmill Running,106,Indoor Running,299.81,299.81,0,12,0,0,0,73,81,0,0,0,0,0,0,0,0,0
3/28/2025 14:09,Running,100,Running,3737.07,3737.07,10014.34,861,9401,2.68,3.89,155,167,78,129,249,656,1,247,259,32,24
3/25/2025 12:26,Treadmill Running,106,Indoor Running,3317.11,3317.11,10005.03,852,8998,3.02,3.57,143,166,82,105,0,0,0,0,0,0,0
3/25/2025 12:10,Treadmill Running,106,Indoor Running,202.36,202.36,28.84,9,35,0.14,2.82,59,79,61,105,0,0,0,0,0,0,0
3/23/2025 14:18,Treadmill Running,106,Indoor Running,1625.28,1625.28,5001.83,424,4439,3.08,3.81,145,154,83,140,0,0,0,0,0,0,0
3/21/2025 14:40,Treadmill Running,106,Indoor Running,1844.67,1844.67,5108.48,431,4824,2.77,3.4,140,148,81,121,0,0,0,0,0,0,0
3/19/2025 12:00,Running,100,Running,3268.84,3268.84,9616.73,813,8651,2.94,4.56,159,171,80,98,265,683,1,245,259,41,50
3/17/2025 15:02,Running,100,Running,1037.9,1037.9,3300.96,279,2781,3.18,4.36,156,164,81,87,286,396,1,250,261,10,13
3/14/2025 13:16,Walking,200,Walking,279.47,279.47,395.1,33,463,1.41,1.58,127,131,48,63,0,0,1,258,260,2,0
3/14/2025 12:18,Running,100,Running,3451.91,3451.91,10081.12,846,9359,2.92,3.89,158,172,82,108,258,476,1,249,263,34,43
3/12/2025 13:18,Running,100,Running,1610.49,1610.49,5052.19,416,4390,3.14,4.34,157,166,82,99,276,383,1,248,259,7,12
3/8/2025 16:11,Running,100,Running,1597.38,1597.38,5058.68,420,4414,3.17,3.96,155,163,83,117,279,406,1,249,261,15,26
3/6/2025 13:35,Treadmill Running,106,Indoor Running,1896.73,1896.73,5582.69,481,5175,2.94,3.46,142,152,83,88,0,0,0,0,0,0,0
3/5/2025 11:46,Treadmill Running,106,Indoor Running,1723.15,1723.15,5017.83,429,4642,2.91,3.43,142,149,83,127,0,0,0,0,0,0,0
3/4/2025 8:42,Running,100,Running,554.6,554.6,8.48,23,12,0.02,1.65,65,80,70,70,68,68,0,0,0,0,0
3/3/2025 12:42,Treadmill Running,106,Indoor Running,3351.39,3351.39,10003.72,862,9066,2.98,3.44,148,164,82,105,0,0,0,0,0,0,0
2/28/2025 14:13,Treadmill Running,106,Indoor Running,1731.74,1731.74,5052.02,433,4610,2.92,3.45,140,146,82,178,0,0,0,0,0,0,0
2/26/2025 12:06,Treadmill Running,106,Indoor Running,1944.11,1944.11,5843.35,484,5267,3.01,3.42,151,165,82,140,0,0,0,0,0,0,0
2/24/2025 14:28,Treadmill Running,106,Indoor Running,1696.98,1696.98,5060.79,428,4645,2.98,3.43,142,153,82,88,0,0,0,0,0,0,0
2/23/2025 15:28,Running,100,Running,1568.54,1568.54,4545.2,379,4189,2.9,3.87,144,161,80,89,257,411,1,248,261,14,10
2/22/2025 11:01,Running,100,Running,1088.81,1088.81,458.45,64,509,0.42,1.73,76,98,57,164,108,216,1,249,250,5,0
2/21/2025 13:26,Treadmill Running,106,Indoor Running,1714.84,1714.84,5003.3,437,4602,2.92,3.41,146,158,81,140,0,0,0,0,0,0,0
2/20/2025 14:32,Treadmill Running,106,Indoor Running,1726.85,1726.85,5023.62,435,4652,2.91,3.37,145,156,81,94,0,0,0,0,0,0,0
2/17/2025 10:29,Treadmill Running,106,Indoor Running,1882.13,1882.13,5068.49,448,4655,2.69,3.54,137,150,80,129,0,0,0,0,0,0,0
2/6/2025 12:28,Treadmill Running,106,Indoor Running,2344.28,2344.28,7013.55,597,6586,2.99,3.48,148,165,75,97,0,0,0,0,0,0,0
2/3/2025 14:00,Running,100,Running,1683.65,1683.65,5038.47,423,4658,2.99,3.83,153,162,83,90,270,373,1,250,262,14,16
2/2/2025 14:56,Running,100,Running,1893.39,1893.39,5676.38,477,5182,3,3.94,151,159,83,88,270,375,1,248,262,8,22
1/30/2025 9:28,Treadmill Running,106,Indoor Running,2334.05,2334.05,6611.14,564,6475,2.83,3.34,148,158,83,112,0,0,0,0,0,0,0
1/27/2025 10:52,Treadmill Running,106,Indoor Running,1799.65,1799.65,5002.25,426,4982,2.78,3.42,151,158,84,89,0,0,0,0,0,0,0
1/23/2025 14:21,Treadmill Running,106,Indoor Running,1453.09,1453.09,4083.92,344,3973,2.81,3.33,156,165,82,88,0,0,0,0,0,0,0
1/22/2025 15:00,Treadmill Running,106,Indoor Running,1633.18,1633.18,4065.37,351,4226,2.49,3.48,136,157,82,164,0,0,0,0,0,0,0
1/21/2025 12:53,Treadmill Running,106,Indoor Running,1758.33,1758.33,5036.47,431,4804,2.86,3.4,146,160,82,91,0,0,0,0,0,0,0
1/20/2025 14:21,Treadmill Running,106,Indoor Running,1589.38,1589.38,4346.54,367,4286,2.73,3.29,140,150,82,93,0,0,0,0,0,0,0
1/17/2025 20:20,Treadmill Running,106,Indoor Running,608.42,608.42,246.32,38,310,0.4,0.88,69,79,45,152,0,0,0,0,0,0,0
1/16/2025 11:59,Treadmill Running,106,Indoor Running,698.36,698.36,1740.14,151,1812,2.49,3.19,143,151,80,104,0,0,0,0,0,0,0
1/16/2025 11:32,Treadmill Running,106,Indoor Running,1468.38,1468.38,3769.43,318,3928,2.57,3.29,139,144,81,85,0,0,0,0,0,0,0
1/13/2025 11:06,Treadmill Running,106,Indoor Running,3351.99,3351.99,8777.51,775,8966,2.62,3.42,145,161,81,98,0,0,0,0,0,0,0
1/11/2025 14:11,Indoor Walking,206,Indoor Walking,3019.18,3019.18,8062.91,705,8003,2.67,3.36,144,158,79,83,0,0,0,0,0,0,0
1/9/2025 13:52,Indoor Walking,206,Indoor Walking,2040.18,2040.18,5027.45,425,5052,2.46,3.22,134,151,72,83,0,0,0,0,0,0,0
1/8/2025 14:01,Treadmill Running,106,Indoor Running,2090.38,2090.38,5229.48,456,5401,2.5,3.37,144,157,80,140,0,0,0,0,0,0,0
1/7/2025 9:25,Treadmill Running,106,Indoor Running,2289.61,2289.61,5885.15,504,6199,2.57,3.23,141,150,82,94,0,0,0,0,0,0,0
1/5/2025 9:35,Treadmill Running,106,Indoor Running,2142.93,2142.93,5168.46,446,5512,2.41,3.3,137,149,81,124,0,0,0,0,0,0,0
1/3/2025 11:21,Treadmill Running,106,Indoor Running,2160.83,2160.83,5136.38,470,5363,2.38,3.39,147,164,78,187,0,0,0,0,0,0,0
1/2/2025 9:10,Treadmill Running,106,Indoor Running,1950.09,1950.09,5096.43,450,5318,2.61,3.36,144,156,82,109,0,0,0,0,0,0,0
1/1/2025 14:18,Treadmill Running,106,Indoor Running,1735.56,1894.33,3593.15,317,3829,2.07,3.04,126,145,79,190,0,0,0,0,0,0,0
12/30/2024 8:23,Running,100,Running,1971.92,1971.92,5070.26,429,5284,2.57,3.24,148,158,81,103,230,531,1,1,6,3,0
12/28/2024 8:43,Running,100,Running,1864.37,1864.37,5012.94,407,5078,2.69,3.47,152,161,82,129,235,649,1,0,4,5,2
12/26/2024 8:10,Running,100,Running,1855.29,1855.29,5037.21,412,5100,2.72,3.42,149,164,83,88,239,649,1,-1,2,0,0
12/25/2024 7:43,Running,100,Running,1759.31,1759.31,4889.7,398,4774,2.78,3.4,155,166,82,152,246,440,1,0,2,2,0
12/25/2024 5:42,Running,100,Running,1893,1893,5140.5,604,4951,2.72,0,155,166,79,138,246,440,1,0,0,0,0
12/23/2024 9:51,Treadmill Running,106,Indoor Running,1760.12,1760.12,4361.84,393,4210,2.48,3.53,146,160,76,140,0,0,0,0,0,0,0
12/23/2024 9:48,Treadmill Running,106,Indoor Running,153.33,153.33,186.97,17,198,1.22,2.74,112,122,70,119,0,0,0,0,0,0,0
12/18/2024 13:31,Treadmill Running,106,Indoor Running,2370.44,2370.44,7068.59,588,6411,2.98,3.65,146,157,81,88,0,0,0,0,0,0,0
12/16/2024 12:49,Treadmill Running,106,Indoor Running,1821.16,1821.16,5118.48,442,4657,2.81,3.52,142,153,80,94,0,0,0,0,0,0,0
12/15/2024 7:52,Treadmill Running,106,Indoor Running,2089.54,2089.54,6039.9,527,5642,2.89,3.68,145,157,82,117,0,0,0,0,0,0,0
12/13/2024 14:12,Treadmill Running,106,Indoor Running,1598.5,1598.5,4470.04,396,4191,2.8,3.7,138,152,79,92,0,0,0,0,0,0,0
12/12/2024 14:45,Treadmill Running,106,Indoor Running,1721.68,1721.68,5094.39,444,4637,2.96,3.72,147,157,82,129,0,0,0,0,0,0,0
12/11/2024 11:12,Treadmill Running,106,Indoor Running,3621.07,3621.07,10009.48,897,9621,2.76,3.52,153,167,81,97,0,0,0,0,0,0,0
12/9/2024 19:53,Treadmill Running,106,Indoor Running,1478.73,1478.73,3035.92,291,2894,2.05,3.55,125,146,77,140,0,0,0,0,0,0,0
12/8/2024 15:39,Running,100,Running,1673.15,1673.15,5131.07,436,4480,3.07,4.59,145,155,81,89,279,469,1,250,261,11,25
12/7/2024 10:42,Treadmill Running,106,Indoor Running,2450.92,2450.92,6132.72,574,5982,2.5,3.64,138,157,75,138,0,0,0,0,0,0,0
12/6/2024 19:19,Indoor Walking,206,Indoor Walking,356.41,356.41,26.21,16,6,0.07,2.46,62,84,0,0,0,0,0,0,0,0,0
12/6/2024 5:11,Treadmill Running,106,Indoor Running,2452.32,2452.32,6560.62,591,6411,2.68,3.43,142,153,79,94,0,0,0,0,0,0,0
12/5/2024 7:59,Other,1000,Other,0,0,0,45,0,0,0,0,0,0,0,0,0,0,0,0,0,0
12/4/2024 9:14,Treadmill Running,106,Indoor Running,2438.29,2438.29,7002.76,612,6510,2.87,3.73,145,158,81,105,0,0,0,0,0,0,0
12/2/2024 12:25,Treadmill Running,106,Indoor Running,3458.96,3458.96,10003.37,885,9352,2.89,3.44,149,164,82,105,0,0,0,0,0,0,0
12/1/2024 13:41,Indoor Walking,206,Indoor Walking,1914.48,1914.48,4788.16,447,4522,2.5,3.41,134,149,72,84,0,0,0,0,0,0,0
11/29/2024 13:43,Indoor Walking,206,Indoor Walking,748.81,748.81,518.45,61,621,0.69,3.51,81,137,25,31,0,0,0,0,0,0,0
11/25/2024 11:45,Running,100,Running,3340.79,3340.79,10043.15,861,9171,3.01,3.83,154,166,83,89,275,635,1,249,261,27,24
11/25/2024 8:14,Other,1000,Other,0,0,0,468,0,0,0,0,0,0,0,0,0,0,0,0,0,0
11/22/2024 12:58,Treadmill Running,106,Indoor Running,5095.28,5095.28,12797.12,1165,12549,2.51,3.26,145,161,76,152,0,0,0,0,0,0,0
11/21/2024 11:58,Treadmill Running,106,Indoor Running,1133,1133,2884.96,256,2749,2.55,3.41,135,148,69,87,0,0,0,0,0,0,0
11/21/2024 11:54,Treadmill Running,106,Indoor Running,183.58,183.58,93.26,13,102,0.51,2.83,65,84,64,105,0,0,0,0,0,0,0
11/20/2024 12:55,Treadmill Running,106,Indoor Running,2560.08,2560.08,6630.16,572,6605,2.59,3.36,135,159,76,105,0,0,0,0,0,0,0
11/18/2024 10:27,Running,100,Running,2536.87,2536.87,6887.96,584,11278,2.72,3.54,144,153,79,117,249,622,1,249,262,11,24
11/16/2024 13:41,Running,100,Running,1843.51,1843.51,3791.44,0,8016,2.06,0,110,149,63,84,188,369,1,255,261,7,5
11/16/2024 13:41,Running,100,Running,1841,1841,3787.8,444,8014,2.06,0,110,149,63,84,188,369,0,0,0,0,0
11/16/2024 13:40,Running,100,Running,1787.89,1787.89,3807.41,318,4119,2.13,3.07,113,149,70,85,188,369,1,255,261,3,10
11/15/2024 12:35,Running,100,Running,5298.07,5298.07,15037.28,1261,19332,2.84,3.63,149,158,82,94,255,518,1,248,261,43,40
11/13/2024 12:26,Running,100,Running,4106.48,4107.62,11521.74,987,11297,2.81,3.75,146,160,83,91,258,388,1,248,260,38,37
11/13/2024 12:25,Running,100,Running,4080,4080,11500,1313,21814,2.82,0,146,160,79,86,258,388,0,0,0,0,0
11/13/2024 12:25,Running,100,Running,4080,4080,11500,0,21814,2.82,0,146,160,79,86,258,388,0,0,0,0,0
11/13/2024 8:10,Other,1000,Other,0,0,0,250,0,0,0,0,0,0,0,0,0,0,0,0,0,0
11/11/2024 14:41,Treadmill Running,106,Indoor Running,2796.11,2796.11,6303.57,571,6761,2.25,3.3,136,157,70,117,0,0,0,0,0,0,0
11/11/2024 8:13,Other,1000,Other,0,0,0,358,0,0,0,0,0,0,0,0,0,0,0,0,0,0
11/9/2024 14:30,Running,100,Running,2706.82,2706.82,8004.16,679,7474,2.96,4.18,150,159,83,117,268,432,1,249,261,20,29
11/6/2024 13:16,Running,100,Running,3584.81,3584.81,10015.88,859,9819,2.79,3.78,149,159,82,94,255,766,1,246,264,23,65
11/5/2024 14:53,Treadmill Running,106,Indoor Running,2238.53,2238.53,4671.72,447,4922,2.09,3.31,126,154,70,104,0,0,0,0,0,0,0
11/4/2024 16:48,Other,1000,Other,145.52,145.52,0,0,0,0,0,133,154,0,0,0,0,0,0,0,0,0
11/4/2024 16:21,Treadmill Running,106,Indoor Running,1605.58,1605.58,4243.96,368,4197,2.64,3.02,145,158,79,117,0,0,0,0,0,0,0
11/4/2024 16:21,Other,1000,Other,32,32,0,0,0,0,0,67,68,0,0,0,0,0,0,0,0,0
11/4/2024 16:15,Other,1000,Other,294.84,294.84,0,0,0,0,0,63,69,0,0,0,0,0,0,0,0,0
11/3/2024 16:13,Running,100,Running,2110.29,2110.29,5011.67,429,5209,2.37,3.32,128,148,74,88,213,301,1,248,261,12,25
11/2/2024 15:48,Running,100,Running,3574.43,3574.43,10025.88,868,12774,2.8,3.49,151,157,81,92,260,369,1,248,263,24,44
10/31/2024 10:10,Treadmill Running,106,Indoor Running,881.31,881.31,1335.03,148,1449,1.51,3.09,133,152,58,135,0,0,0,0,0,0,0
10/31/2024 10:09,Other,1000,Other,67.78,67.78,0,0,0,0,0,157,158,0,0,0,0,0,0,0,0,0
10/31/2024 9:42,Treadmill Running,106,Indoor Running,1580.81,1580.81,4288.53,370,4038,2.71,3.29,142,159,79,122,0,0,0,0,0,0,0
10/31/2024 9:42,Other,1000,Other,50.66,50.66,0,0,0,0,0,75,83,0,0,0,0,0,0,0,0,0
10/31/2024 8:34,Other,1000,Other,0,0,0,240,0,0,0,0,0,0,0,0,0,0,0,0,0,0
10/31/2024 7:16,Walking,200,Walking,1499.14,1499.14,1610.15,125,2087,1.07,1.58,86,104,46,55,0,0,1,255,260,2,2
10/28/2024 11:39,Running,100,Running,3615.16,3615.16,10599.87,905,9932,2.93,3.86,153,163,83,94,267,433,1,248,261,24,70
10/25/2024 12:35,Running,100,Running,3442.3,3442.3,9628.84,834,9338,2.8,3.62,153,161,82,117,258,420,1,248,261,25,52
10/24/2024 7:48,Weight Training,1404,Functional Strength Training,1476.02,1476.02,0,130,0,0,0,93,115,0,0,0,0,0,0,0,0,0
10/23/2024 12:13,Running,100,Running,3614.09,3614.09,10351.56,893,9769,2.86,3.82,156,168,82,94,263,370,1,246,261,18,66
10/21/2024 16:07,Running,100,Running,1451.48,1451.48,4008.44,344,3856,2.76,3.46,151,162,81,152,258,346,1,247,263,13,30
10/20/2024 11:14,Running,100,Running,1614.22,1614.22,4441.92,379,4017,2.75,3.78,151,164,77,152,253,557,1,249,261,9,21
10/14/2024 7:45,Walking,200,Walking,790.56,790.56,414.9,54,549,0.52,1.4,69,97,20,25,0,0,1,35,37,7,2
10/10/2024 14:40,Running,100,Running,2515.63,2515.63,7017.24,611,10839,2.79,3.5,151,164,78,85,259,366,1,246,262,17,34
10/9/2024 12:15,Running,100,Running,1796.21,1796.21,5048.81,435,4860,2.81,3.49,147,158,82,99,259,372,1,249,260,11,19
10/7/2024 11:44,Running,100,Running,3502,3502,10312.1,1189,9068,2.94,0,150,160,74,83,269,359,1,0,0,0,0
10/5/2024 10:46,Running,100,Running,3241.79,3241.79,9323.43,792,8825,2.88,3.71,153,164,82,87,261,454,1,249,263,21,43
10/3/2024 12:03,Running,100,Running,1869.38,1869.38,4493.54,394,4364,2.4,3.74,137,163,72,87,222,466,1,249,260,12,27
10/2/2024 11:48,Running,100,Running,3509.12,3509.12,9358.99,809,17126,2.67,3.46,144,167,77,90,242,467,1,247,260,24,50
9/30/2024 11:42,Running,100,Running,1648.89,1648.89,5018.51,433,4508,3.04,3.91,149,161,82,101,281,393,1,248,259,9,17
9/29/2024 9:17,Running,100,Running,3557.48,3557.48,9682.45,840,9576,2.72,3.65,148,159,81,117,251,401,1,249,262,21,41
9/25/2024 13:36,Weight Training,1404,Functional Strength Training,3694.97,3694.97,0,255,0,0,0,79,95,0,0,0,0,0,0,0,0,0
9/25/2024 11:46,Running,100,Running,2490.88,2490.88,7003.54,599,10282,2.81,3.56,148,159,76,89,255,408,1,249,263,11,27
9/24/2024 9:16,Running,100,Running,2000.45,2000.45,4559.15,397,4558,2.28,3.62,130,151,76,140,227,359,1,248,260,6,19
9/23/2024 9:48,Running,100,Running,1747.84,1747.84,5006.47,434,4815,2.86,3.51,143,157,83,136,266,419,1,248,265,11,24
9/22/2024 7:39,Weight Training,1404,Functional Strength Training,100.34,100.34,0,5,0,0,0,79,88,0,0,0,0,0,0,0,0,0
9/21/2024 11:05,Running,100,Running,1740.34,1740.34,5007.18,432,4785,2.88,3.52,152,162,83,94,265,311,1,248,261,8,24
9/20/2024 11:54,Running,100,Running,3149.2,3149.2,8017.17,699,7683,2.55,3.59,143,166,74,140,234,460,1,248,262,15,21
9/17/2024 6:42,Weight Training,1404,Functional Strength Training,1172,1172,0,71,0,0,0,63,78,0,0,0,0,0,0,0,0,0
9/16/2024 11:17,Running,100,Running,604.24,604.24,900.78,80,1008,1.49,3.66,100,142,56,94,149,311,1,257,261,2,8
9/15/2024 14:33,Weight Training,1404,Functional Strength Training,244.38,244.38,0,16,0,0,0,79,90,0,0,0,0,0,0,0,0,0
9/14/2024 7:31,Running,100,Running,3461.73,3461.73,10092.41,888,9490,2.92,4.05,146,154,83,105,269,441,1,239,258,49,76
9/14/2024 7:03,Walking,200,Walking,607.26,607.26,857.21,68,946,1.41,1.79,81,105,43,46,0,0,1,0,0,0,0
9/10/2024 12:41,Running,100,Running,1697.6,1697.6,5028.03,440,4400,2.96,3.77,149,163,78,88,274,494,1,248,261,7,32
9/9/2024 10:50,Running,100,Running,1629.57,1629.57,5010.75,437,4390,3.07,4.04,151,159,81,88,285,507,1,248,260,7,11
9/8/2024 8:42,Running,100,Running,3084.61,3084.61,7509.77,660,7479,2.43,3.58,141,163,75,117,230,376,1,249,261,11,19
9/6/2024 12:15,Running,100,Running,3868.35,3868.35,9555.58,836,18629,2.47,3.26,143,156,75,84,231,384,1,248,262,22,39
9/5/2024 19:34,Running,100,Running,1830.77,1830.77,4236.11,368,4354,2.31,3.18,127,146,72,117,209,289,1,249,261,8,24
9/5/2024 16:24,Treadmill Running,106,Indoor Running,963.33,963.33,25.57,42,31,0.03,2.35,62,79,42,82,0,0,0,0,0,0,0
9/5/2024 7:13,Weight Training,1404,Functional Strength Training,171.48,171.48,0,12,0,0,0,74,80,0,0,0,0,0,0,0,0,0
9/4/2024 10:23,Running,100,Running,3722.32,3722.32,10009.1,867,10153,2.69,3.2,143,161,82,88,250,383,1,249,263,23,29
9/1/2024 7:43,Running,100,Running,1990.75,1990.75,5478.68,502,5356,2.75,3.81,146,154,81,87,261,750,1,137,156,59,70
8/30/2024 10:03,Running,100,Running,2888.7,2888.7,6693.73,589,10598,2.32,3.25,138,157,69,85,210,350,1,249,260,19,26
8/29/2024 11:44,Running,100,Running,1888.36,1888.36,4428.75,387,4391,2.35,3.27,137,159,70,111,211,373,1,249,261,7,30
8/29/2024 8:00,Weight Training,1404,Functional Strength Training,2720.39,2720.39,0,272,0,0,0,98,127,0,0,0,0,0,0,0,0,0
8/28/2024 8:53,Running,100,Running,3693.5,3693.5,9386.72,832,9468,2.54,3.23,144,157,77,86,237,373,1,249,261,20,23
8/27/2024 13:41,Running,100,Running,186.92,186.92,0,8,0,0,0,60,89,0,0,0,0,0,0,0,0,0
8/26/2024 11:21,Running,100,Running,1496.77,1496.77,4260.5,376,4012,2.85,3.39,142,152,80,86,272,307,1,248,260,8,7
8/24/2024 15:30,Running,100,Running,1250.89,1250.89,3393.8,303,3321,2.71,3.3,141,150,80,85,259,394,1,250,262,12,22
8/24/2024 10:03,Weight Training,1404,WeightTraining,520,520,0,46,0,0,0,74,83,0,0,0,0,0,0,0,0,0
8/24/2024 10:02,Weight Training,1404,Functional Strength Training,614.7,614.7,0,46,0,0,0,73,83,0,0,0,0,0,0,0,0,0
8/23/2024 12:47,Running,100,Running,3538.3,3538.3,8835.31,789,8916,2.5,3.34,146,162,76,88,237,397,1,249,262,24,58
8/21/2024 10:49,Running,100,Running,3733.82,3733.82,10023.25,894,9849,2.68,3.74,150,168,79,88,255,385,1,247,264,28,72
8/20/2024 13:49,Treadmill Running,106,Indoor Running,132.43,132.43,261.23,28,262,1.97,2.83,140,148,78,99,0,0,0,0,0,0,0
8/20/2024 13:47,Treadmill Running,106,Indoor Running,495.15,495.15,1255,131,1123,2.53,3.19,142,158,78,105,0,0,0,0,0,30,0
8/20/2024 13:25,Weight Training,1404,Functional Strength Training,1219.88,1219.88,0,112,0,0,0,91,117,0,0,0,0,0,0,0,0,0
8/19/2024 20:18,Running,100,Running,1665.27,1665.27,4225.88,374,4205,2.54,3.47,138,155,76,85,239,366,1,248,259,8,32
8/18/2024 8:57,Running,100,Running,2085.36,2085.36,4658.44,422,4859,2.23,3.3,122,148,72,93,219,460,1,248,266,13,33
8/17/2024 8:04,Running,100,Running,1688.52,1688.52,5051.51,443,4556,2.99,8.39,151,162,81,88,281,742,1,207,221,2,27
8/15/2024 11:04,Running,100,Running,1743.95,1743.95,4385.98,395,4574,2.51,3.26,141,156,79,88,245,352,1,249,259,15,13
8/14/2024 9:25,Running,100,Running,3779.48,3779.48,10007.94,892,9885,2.65,3.28,151,164,79,88,251,366,1,248,261,18,38
8/12/2024 14:40,Running,100,Running,1639.59,1639.59,4425.67,400,4088,2.7,3.52,141,155,75,85,257,391,1,249,259,10,18
8/11/2024 9:55,Running,100,Running,3302.99,3302.99,9010.12,828,8715,2.73,3.42,145,158,79,86,269,440,1,249,261,19,36
8/8/2024 12:39,Running,100,Running,1864.97,1864.97,4598.53,415,4618,2.47,3.5,142,154,77,140,245,396,1,249,261,20,13
8/7/2024 13:48,Running,100,Running,1730.63,1730.63,5020.24,453,4641,2.9,3.43,149,157,81,107,283,396,1,249,263,15,26
8/6/2024 12:20,Running,100,Running,1513.98,1513.98,3433.78,320,3477,2.27,3.25,138,159,70,105,218,410,1,250,261,13,16
8/6/2024 12:09,Weight Training,1404,Functional Strength Training,678.88,678.88,0,83,0,0,0,115,142,0,0,0,0,0,0,0,0,0
8/5/2024 10:17,Running,100,Running,1535.91,1535.91,4163.71,385,4128,2.71,3.38,152,155,81,148,271,417,1,251,261,10,17
8/5/2024 10:01,Weight Training,1404,Functional Strength Training,658.52,658.52,0,76,0,0,0,115,134,0,0,0,0,0,0,0,0,0
8/3/2024 10:30,Running,100,Running,1593.85,1593.85,4520.21,412,4257,2.84,3.44,145,157,81,92,279,360,1,250,261,8,29
8/2/2024 11:40,Running,100,Running,1763.51,1763.51,5010.37,453,4772,2.84,3.58,147,151,81,85,278,390,1,249,268,7,21
8/2/2024 10:44,Weight Training,1404,Functional Strength Training,675.67,675.67,0,77,0,0,0,111,134,0,0,0,0,0,0,0,0,0
8/1/2024 8:29,Running,100,Running,1596.58,1596.58,4303.08,392,4296,2.7,3.4,146,154,81,88,265,349,1,250,262,8,23
8/1/2024 8:15,Weight Training,1404,Functional Strength Training,828.04,828.04,0,99,0,0,0,114,133,0,0,0,0,0,0,0,0,0
7/29/2024 7:37,Running,100,Running,1806.75,1806.75,5035.79,460,4883,2.79,3.67,144,164,81,85,276,425,1,250,262,7,18
7/28/2024 9:17,Walking,200,Walking,2299.91,2299.91,1970.6,199,2755,0.86,1.43,76,98,35,44,0,0,1,181,184,2,5
7/27/2024 18:37,Walking,200,Walking,1938.19,1938.19,1085.56,133,1379,0.56,1.47,82,98,20,37,0,0,1,180,184,0,5
7/27/2024 12:18,Weight Training,1404,Functional Strength Training,556.68,556.68,0,42,0,0,0,76,88,0,0,0,0,0,0,0,0,0
7/26/2024 12:12,Running,100,Running,1637.61,1637.61,3438.53,326,3672,2.1,3.16,129,150,74,117,229,397,1,250,260,11,18
7/26/2024 11:54,Weight Training,1404,Functional Strength Training,766.86,766.86,0,78,0,0,0,104,128,0,0,0,0,0,0,0,0,0
7/25/2024 8:22,Running,100,Running,1883.1,1883.1,5053.75,463,5121,2.68,3.46,146,150,82,129,265,445,1,250,262,8,18
7/25/2024 8:02,Weight Training,1404,Functional Strength Training,755.93,755.93,0,96,0,0,0,118,147,0,0,0,0,0,0,0,0,0
7/24/2024 12:08,Weight Training,1404,Functional Strength Training,789.34,789.34,0,54,0,0,0,74,94,0,0,0,0,0,0,0,0,0
7/23/2024 20:12,Weight Training,1404,Functional Strength Training,2113.61,2113.61,0,150,0,0,0,76,101,0,0,0,0,0,0,0,0,0
7/23/2024 12:13,Running,100,Running,1980.91,1980.91,4495.92,421,4612,2.27,3.25,134,154,76,121,243,457,1,251,266,8,25
7/23/2024 6:47,Weight Training,1404,Functional Strength Training,583.6,583.6,0,37,0,0,0,69,114,0,0,0,0,0,0,0,0,0
7/22/2024 10:56,Running,100,Running,2150,2150,4447.17,418,4582,2.07,3.82,135,154,71,140,219,572,1,249,263,10,18
7/22/2024 10:37,Weight Training,1404,Functional Strength Training,821.79,821.79,0,98,0,0,0,107,132,0,0,0,0,0,0,0,0,0
7/21/2024 16:03,Running,100,Running,1647.47,1647.47,2877.98,275,3197,1.75,3.01,122,150,60,100,163,293,1,255,260,5,2
7/21/2024 16:00,Walking,200,Walking,195.8,195.8,222.71,18,177,1.14,1.43,122,131,16,16,0,0,1,255,269,0,16
7/21/2024 15:15,Running,100,Running,2516.53,2516.53,6703.12,639,6617,2.66,3.46,139,157,79,87,268,359,1,241,261,27,36
7/20/2024 20:42,Other,1000,Cool Down,980.31,980.31,0,48,0,0,0,58,107,0,0,0,0,0,0,0,0,0
7/19/2024 10:42,Walking,200,Walking,827.3,827.3,757.54,84,787,0.92,1.43,109,137,27,35,0,0,1,256,260,2,3
7/19/2024 10:16,Running,100,Running,1535.38,1535.38,4081.29,378,4114,2.66,3.16,144,151,81,124,266,418,1,248,262,8,24
7/19/2024 9:55,HIIT,1414,High Intensity Interval Training,930.66,930.66,0,137,0,0,0,104,135,0,0,0,0,0,0,0,0,0
7/18/2024 9:18,HIIT,1414,HighIntensityIntervalTraining,638,638,0,0,0,0,0,122,135,0,0,0,0,0,0,0,0,0
7/18/2024 9:16,HIIT,1414,High Intensity Interval Training,732.61,732.61,0,0,0,0,0,121,135,0,0,0,0,0,0,0,0,0
7/18/2024 8:38,Running,100,Running,1569.29,1569.29,4328.45,404,4225,2.76,3.43,140,148,82,129,279,408,1,249,263,8,24
7/17/2024 11:24,Running,100,Running,2099.51,2099.51,4455.61,431,4471,2.12,3.41,128,151,76,140,253,448,1,250,261,13,25
7/17/2024 11:12,HIIT,1414,High Intensity Interval Training,304.78,304.78,0,0,0,0,0,0,0,0,0,0,0,0,0,0,0,0
7/17/2024 11:06,HIIT,1414,High Intensity Interval Training,188.31,188.31,0,0,0,0,0,0,0,0,0,0,0,0,0,0,0,0
7/17/2024 11:06,HIIT,1414,High Intensity Interval Training,5.95,5.95,0,0,0,0,0,0,0,0,0,0,0,0,0,0,0,0
7/16/2024 8:56,Treadmill Running,106,Indoor Running,1032.99,1032.99,2156.63,220,2316,2.09,2.77,138,156,76,140,0,0,0,0,0,0,0
7/16/2024 8:44,HIIT,1414,HighIntensityIntervalTraining,336,336,0,0,0,0,0,115,130,0,0,0,0,0,0,0,0,0
7/16/2024 8:38,HIIT,1414,High Intensity Interval Training,732.61,732.61,0,0,0,0,0,110,130,0,0,0,0,0,0,0,0,0
7/15/2024 8:16,Running,100,Running,1461.38,1461.38,3771.47,355,3902,2.58,3.37,146,153,81,117,265,384,1,248,261,10,17
7/15/2024 8:09,HIIT,1414,High Intensity Interval Training,177.62,177.62,0,0,0,0,0,114,133,0,0,0,0,0,0,0,0,0
7/15/2024 8:09,HIIT,1414,High Intensity Interval Training,2.94,2.94,0,0,0,0,0,81,81,0,0,0,0,0,0,0,0,0
7/15/2024 7:59,HIIT,1414,High Intensity Interval Training,533.72,533.72,0,0,0,0,0,106,131,0,0,0,0,0,0,0,0,0
7/15/2024 7:59,HIIT,1414,High Intensity Interval Training,7.57,7.57,0,0,0,0,0,91,91,0,0,0,0,0,0,0,0,0
7/15/2024 7:55,Weight Training,1404,Functional Strength Training,1160.59,1160.59,0,126,0,0,0,104,133,0,0,0,0,0,0,0,0,0
7/14/2024 9:17,Running,100,Running,1527.56,1527.56,3882.97,371,3912,2.54,3.44,135,160,77,96,259,460,1,249,260,14,16
7/14/2024 9:00,HIIT,1414,High Intensity Interval Training,708.02,708.02,0,0,0,0,0,116,144,0,0,0,0,0,0,0,0,0
7/12/2024 9:07,Running,100,Running,1895.28,1895.28,5014.22,475,5081,2.65,3.31,138,152,81,87,273,353,1,251,271,7,66
7/11/2024 10:58,Running,100,Running,1387.56,1387.56,3353.76,317,3526,2.42,3.27,142,153,77,105,247,405,1,250,262,7,13
7/11/2024 10:51,Weight Training,1404,Functional Strength Training,354.71,354.71,0,45,0,0,0,113,130,0,0,0,0,0,0,0,0,0
7/11/2024 10:28,Weight Training,1404,Functional Strength Training,374.86,374.86,0,33,0,0,0,81,123,0,0,0,0,0,0,0,0,0
7/10/2024 15:40,Running,100,Running,1584.59,1584.59,4003.57,375,4139,2.53,3.27,139,158,79,86,257,417,1,249,270,12,29
7/10/2024 9:44,Weight Training,1404,Functional Strength Training,644.83,644.83,0,87,0,0,0,120,143,0,0,0,0,0,0,0,0,0
7/9/2024 8:50,Weight Training,1404,Functional Strength Training,848.25,848.25,0,133,0,0,0,124,143,0,0,0,0,0,0,0,0,0
7/9/2024 8:16,Running,100,Running,1770.19,1770.19,4386.48,419,4569,2.48,3.21,138,148,78,129,256,425,1,249,263,8,19
7/8/2024 19:54,Walking,200,Walking,2203.07,2203.07,2290.34,188,2939,1.04,1.3,84,90,39,47,0,0,1,257,261,4,0
7/8/2024 10:25,Weight Training,1404,Functional Strength Training,776.51,776.51,0,92,0,0,0,107,134,0,0,0,0,0,0,0,0,0
7/8/2024 9:52,Running,100,Running,1895.29,1895.29,2872.2,236,3374,1.52,2.84,94,130,54,84,138,332,1,251,263,7,10
7/7/2024 10:01,Running,100,Running,1836.71,1836.71,5003.17,478,4881,2.72,3.82,143,159,80,99,283,452,1,248,264,9,25
7/5/2024 9:14,Running,100,Running,1958.36,1958.36,4838.22,449,4965,2.47,3.47,141,158,77,124,249,296,1,3,8,3,5
7/4/2024 9:32,Running,100,Running,1175.06,1175.06,3015.44,279,3171,2.57,3.19,138,149,81,85,261,299,1,4,8,5,2
7/4/2024 8:47,Walking,200,Walking,1557.24,1557.24,1122.78,109,1472,0.72,1.21,77,96,30,37,0,0,1,7,8,0,0
7/3/2024 7:13,Running,100,Running,1894.78,1894.78,5025.58,469,5109,2.65,3.57,139,147,82,105,272,348,1,3,8,3,9
7/2/2024 7:01,Running,100,Running,1898.98,1898.98,5018.18,468,5057,2.64,3.7,145,150,80,85,269,320,1,3,8,4,6
7/2/2024 6:57,Running,100,Running,193.7,193.7,210.79,18,255,1.09,3.36,96,103,55,92,130,328,1,7,8,0,0
7/1/2024 7:20,Running,100,Running,1509.03,1509.03,3364.76,315,3505,2.23,3.44,132,147,77,164,245,365,1,3,8,4,2
6/30/2024 6:55,Running,100,Running,1999.88,1999.88,5013.67,470,5044,2.51,3.74,145,161,78,94,264,410,1,3,9,14,10
6/28/2024 9:21,Running,100,Running,1780.53,1780.53,5007.06,467,4805,2.81,3.49,146,158,81,94,287,349,1,684,688,26,31
6/27/2024 8:15,Running,100,Running,1478.9,1478.9,4004.39,377,3986,2.71,3.36,145,150,81,114,278,323,1,684,688,19,24
6/27/2024 8:08,Weight Training,1404,Functional Strength Training,410.62,410.62,0,54,0,0,0,137,143,0,0,0,0,0,0,0,0,0
6/26/2024 16:33,Running,100,Running,1889.77,1889.77,5037.8,470,5058,2.67,3.56,148,158,81,85,272,327,1,684,688,23,24
6/24/2024 17:05,Running,100,Running,1695.75,1695.75,4308.57,407,4509,2.54,3.1,137,145,80,150,263,337,1,684,688,7,15
6/23/2024 10:18,Running,100,Running,1860.86,1860.86,5036.63,472,4976,2.71,3.51,142,151,81,140,277,352,1,683,688,21,21
6/22/2024 10:35,Running,100,Running,1540.03,1540.03,3694.43,348,3755,2.4,3.86,135,153,74,105,246,472,1,681,691,12,10
6/22/2024 8:34,Walking,200,Walking,2538.31,2830.16,2300.37,256,2791,0.91,1.62,80,108,38,50,0,0,1,700,725,47,57
6/19/2024 21:11,Running,100,Running,1283.36,1283.36,3402.58,327,3253,2.65,3.66,139,149,77,129,276,387,1,248,261,9,19
6/18/2024 9:24,Weight Training,1404,Functional Strength Training,1026.91,1026.91,0,150,0,0,0,119,143,0,0,0,0,0,0,0,0,0
6/18/2024 8:52,Running,100,Running,1682.49,1682.49,4511.62,430,4547,2.68,3.57,138,149,81,87,276,419,1,250,262,15,19
6/17/2024 9:30,Weight Training,1404,Functional Strength Training,932.23,932.23,0,153,0,0,0,127,152,0,0,0,0,0,0,0,0,0
6/17/2024 8:49,Running,100,Running,1807.18,1807.18,4966.85,477,4775,2.75,3.36,144,159,80,94,286,508,1,248,268,12,30
6/16/2024 15:44,Walking,200,Walking,1813.68,1813.68,1770.35,196,2152,0.98,1.69,105,115,36,49,0,0,1,226,230,2,0
6/16/2024 15:23,Running,100,Running,1280.44,1280.44,3022.95,289,3086,2.36,3.52,140,155,73,88,242,339,1,226,231,2,7
6/15/2024 8:39,Weight Training,1404,Functional Strength Training,378.73,378.73,0,51,0,0,0,117,138,0,0,0,0,0,0,0,0,0
6/15/2024 7:57,Running,100,Running,1983.79,1983.79,5146.93,488,5331,2.59,3.26,136,155,81,85,267,376,1,249,261,9,16
6/14/2024 14:07,Weight Training,1404,Functional Strength Training,1053.2,1053.2,0,135,0,0,0,107,134,0,0,0,0,0,0,0,0,0
6/14/2024 13:51,Walking,200,Walking,927.62,927.62,1139.09,103,1236,1.23,1.87,96,113,35,45,0,0,1,251,260,5,3
6/14/2024 13:45,Running,100,Running,345.76,345.76,799.15,77,800,2.31,3.74,125,143,70,85,235,363,1,252,260,0,5
6/13/2024 18:22,Weight Training,1404,Functional Strength Training,1443.81,1443.81,0,190,0,0,0,115,140,0,0,0,0,0,0,0,0,0
6/13/2024 14:24,Running,100,Running,1470.51,1470.51,3349.59,326,3354,2.28,3.42,131,148,72,140,245,404,1,249,261,12,15
6/12/2024 9:41,Weight Training,1404,Functional Strength Training,1132.32,1132.32,0,188,0,0,0,128,149,0,0,0,0,0,0,0,0,0
6/12/2024 9:10,Running,100,Running,1775.97,1775.97,4635.29,447,4499,2.61,3.75,142,151,78,140,275,465,1,249,264,15,19
6/11/2024 14:30,Weight Training,1404,Functional Strength Training,1165.47,1165.47,0,180,0,0,0,124,144,0,0,0,0,0,0,0,0,0
6/11/2024 13:59,Running,100,Running,1850.53,1850.53,4678.34,453,4236,2.53,3.73,140,156,70,105,273,436,1,249,260,12,22
6/10/2024 14:36,Weight Training,1404,Functional Strength Training,526.36,526.36,0,68,0,0,0,123,138,0,0,0,0,0,0,0,0,0
6/10/2024 14:16,Running,100,Running,1228.23,1228.23,3363.76,330,3040,2.74,3.98,146,156,77,129,293,405,1,249,265,13,24
6/9/2024 13:37,Weight Training,1404,Functional Strength Training,133.87,133.87,0,16,0,0,0,120,129,0,0,0,0,0,0,0,0,0
6/9/2024 13:19,Running,100,Running,1049.6,1049.6,2773.2,272,2572,2.64,3.37,140,152,76,117,293,665,1,250,260,11,10
6/8/2024 16:38,Running,100,Running,1824.2,1824.2,3607.61,338,3910,1.98,3.07,115,143,65,105,195,574,1,249,260,10,16
6/7/2024 11:13,Walking,200,Walking,214.38,214.38,261.09,29,252,1.22,1.8,122,141,29,29,0,0,1,257,259,2,0
6/7/2024 10:48,Running,100,Running,1454.33,1454.33,4214.17,403,3876,2.9,3.69,154,159,80,105,300,466,1,250,261,8,17
6/6/2024 11:09,Weight Training,1404,Functional Strength Training,548.63,548.63,0,89,0,0,0,131,148,0,0,0,0,0,0,0,0,0
6/6/2024 11:07,Weight Training,1404,Functional Strength Training,133.57,133.57,0,18,0,0,0,123,132,0,0,0,0,0,0,0,0,0
6/6/2024 10:45,Running,100,Running,1274.58,1274.58,3518.78,338,3399,2.76,3.52,142,152,81,85,290,590,1,251,262,6,18
6/5/2024 14:22,Weight Training,1404,Functional Strength Training,1176.02,1176.02,0,186,0,0,0,125,149,0,0,0,0,0,0,0,0,0
6/5/2024 13:52,Running,100,Running,1708.72,1708.72,4115.35,397,7208,2.41,3.39,137,154,75,140,263,419,1,249,261,16,20
6/4/2024 14:50,Weight Training,1404,Functional Strength Training,1203.06,1203.06,0,173,0,0,0,117,139,0,0,0,0,0,0,0,0,0
6/4/2024 14:40,Walking,200,Walking,569.09,569.09,686.6,61,837,1.21,1.45,101,109,45,45,0,0,1,258,260,2,3
6/4/2024 14:17,Running,100,Running,1411.43,1411.43,3360.73,319,3495,2.38,3.02,128,142,75,115,242,407,1,248,261,10,11
6/3/2024 11:10,Walking,200,Walking,369.08,369.08,268.33,32,331,0.73,1.38,112,132,27,27,0,0,1,258,260,4,0
6/3/2024 10:44,Running,100,Running,1533.55,1533.55,4250.45,407,4016,2.77,3.54,143,152,79,85,286,509,1,249,260,7,21
6/2/2024 15:38,Weight Training,1404,Functional Strength Training,1320.52,1320.52,0,198,0,0,0,124,146,0,0,0,0,0,0,0,0,0
6/2/2024 15:17,Running,100,Running,1204.59,1204.59,2842.38,282,2929,2.36,2.99,135,146,76,85,259,317,1,251,260,9,11
6/1/2024 13:45,Running,100,Running,1464.15,1464.15,3411.45,333,3489,2.33,3.24,137,152,77,117,260,575,1,249,264,15,18
5/31/2024 9:54,Weight Training,1404,Functional Strength Training,1706.94,1706.94,0,267,0,0,0,124,152,0,0,0,0,0,0,0,0,0
5/31/2024 9:22,Running,100,Running,1772.45,1772.45,5027.22,493,4776,2.84,3.73,150,159,81,116,299,480,1,249,262,15,18
5/30/2024 17:31,Walking,200,Walking,1917.62,1917.62,2473.5,200,2777,1.29,1.57,85,102,39,50,0,0,1,243,251,5,7
5/29/2024 15:18,Weight Training,1404,Functional Strength Training,920.95,920.95,0,126,0,0,0,118,141,0,0,0,0,0,0,0,0,0
5/29/2024 14:53,Running,100,Running,1451.35,1451.35,3644.73,353,3626,2.51,3.28,136,150,76,117,262,417,1,248,260,8,20
5/28/2024 12:22,Weight Training,1404,Functional Strength Training,1179.81,1179.81,0,180,0,0,0,128,147,0,0,0,0,0,0,0,0,0
5/28/2024 12:19,Walking,200,Walking,182.04,182.04,160.91,20,109,0.88,1.59,117,142,5,5,0,0,1,257,259,0,2
5/28/2024 11:52,Running,100,Running,1578.41,1578.41,4505.33,437,4199,2.85,3.49,147,154,80,137,299,416,1,249,261,9,17
5/27/2024 20:13,Running,100,Running,1678.83,1678.83,4233.55,408,4323,2.52,3.38,133,143,78,94,262,357,1,248,261,8,17
5/27/2024 8:51,Walking,200,Walking,895.05,895.05,766.62,70,1025,0.86,1.34,85,99,27,32,0,0,0,0,0,0,0
5/27/2024 8:12,Walking,200,Walking,1910.21,1910.21,1375.77,159,1564,0.72,1.54,70,109,24,46,0,0,1,181,228,2,0
5/26/2024 7:53,Walking,200,Walking,1646.53,1646.53,1180.95,128,1467,0.72,1.52,75,101,32,41,0,0,1,181,182,0,0
5/25/2024 12:28,Walking,200,Walking,2468.27,2468.27,1739.51,197,2302,0.7,1.38,86,100,31,57,0,0,1,180,190,10,12
5/24/2024 10:37,Running,100,Running,1787.83,1787.83,5023.57,485,4746,2.81,4.23,149,161,80,87,296,463,1,249,259,10,13
5/23/2024 11:29,Weight Training,1404,Functional Strength Training,896.53,896.53,0,149,0,0,0,134,151,0,0,0,0,0,0,0,0,0
5/23/2024 10:55,Running,100,Running,1621.32,1621.32,4530.13,445,4271,2.79,3.64,150,160,79,85,299,426,1,249,263,14,14
5/21/2024 12:07,Running,100,Running,1967.04,1967.04,4567.03,447,9041,2.32,3.21,140,154,70,82,257,374,1,248,261,10,20
5/21/2024 7:27,Walking,200,Walking,909.28,909.28,800.84,71,1023,0.88,1.41,86,100,33,40,0,0,1,256,256,0,0
5/20/2024 14:11,Weight Training,1404,Functional Strength Training,945.51,945.51,0,141,0,0,0,127,148,0,0,0,0,0,0,0,0,0
5/20/2024 13:45,Running,100,Running,1526.48,1526.48,3466.26,344,3580,2.27,3.07,133,155,74,164,245,488,1,249,261,19,21
5/19/2024 10:32,Weight Training,1404,Functional Strength Training,1135.41,1135.41,0,181,0,0,0,134,154,0,0,0,0,0,0,0,0,0
5/19/2024 10:09,Running,100,Running,1154.95,1154.95,3240.51,314,3074,2.81,3.76,148,158,81,187,292,424,1,249,260,9,14
5/18/2024 9:00,Running,100,Running,1891.55,1891.55,5082.36,492,4918,2.69,3.76,144,162,80,101,287,505,1,225,243,18,24
5/17/2024 14:50,Running,100,Running,2754.72,2754.72,2545.71,353,4531,0.92,1.85,128,147,63,164,100,219,1,257,259,2,2
5/17/2024 14:17,Running,100,Running,1805.58,1805.58,4437.61,443,4502,2.46,3.4,143,158,77,140,269,545,1,248,261,15,14
5/15/2024 21:06,Weight Training,1404,Functional Strength Training,1433.52,1433.52,0,167,0,0,0,113,139,0,0,0,0,0,0,0,0,0
5/13/2024 20:19,Running,100,Running,1966.72,1966.72,4653.32,452,4847,2.37,3.14,135,152,76,97,252,362,1,249,262,6,18
5/12/2024 10:17,Running,100,Running,1759.8,1759.8,4455.74,444,4579,2.53,3.14,142,159,79,84,276,411,1,248,261,9,19
5/10/2024 12:48,Weight Training,1404,Functional Strength Training,1053.35,1053.35,0,177,0,0,0,137,154,0,0,0,0,0,0,0,0,0
5/10/2024 12:14,Running,100,Running,1799.44,1799.44,5036.93,493,4738,2.8,3.55,149,161,80,104,298,477,1,248,260,12,25
5/8/2024 15:12,Running,100,Running,1313.54,1313.54,3446.59,341,3208,2.62,3.51,149,161,77,105,284,403,1,249,262,12,23
5/7/2024 21:03,Weight Training,1404,Functional Strength Training,227.6,227.6,0,30,0,0,0,122,133,0,0,0,0,0,0,0,0,0
5/7/2024 20:42,Walking,200,Walking,903.36,903.36,1268.2,112,1308,1.4,1.68,105,118,38,49,0,0,1,255,259,2,0
5/7/2024 20:22,Running,100,Running,1180.43,1180.43,2941.27,287,3003,2.49,3.23,137,151,77,85,262,495,1,249,261,5,16
5/6/2024 13:36,Weight Training,1404,Functional Strength Training,552,552,0,90,0,0,0,140,158,0,0,0,0,0,0,0,0,0
5/6/2024 13:12,Running,100,Running,1122.37,1122.37,3208.13,311,2915,2.86,3.76,148,160,79,95,304,348,1,257,262,4,10
5/3/2024 15:41,Weight Training,1404,Functional Strength Training,930.88,930.88,0,127,0,0,0,127,149,0,0,0,0,0,0,0,0,0
5/3/2024 14:57,Running,100,Running,1858.65,1858.65,4156.2,415,4552,2.24,3.09,133,146,75,84,246,560,1,249,260,13,8
5/2/2024 17:33,Walking,200,Walking,1942.83,1942.83,2328.61,198,2628,1.2,1.68,91,103,41,51,0,0,1,242,249,5,0
5/1/2024 13:31,Running,100,Running,5234.72,5234.72,7661.84,879,10548,1.46,4.12,122,151,66,150,201,534,1,248,260,13,19
4/30/2024 11:28,Weight Training,1404,Functional Strength Training,620.26,620.26,0,85,0,0,0,128,147,0,0,0,0,0,0,0,0,0
4/30/2024 10:52,Running,100,Running,2083,2083,5134.44,503,5172,2.46,3.11,139,154,76,94,263,457,1,249,260,10,17
4/29/2024 16:08,Weight Training,1404,Functional Strength Training,665.87,665.87,0,87,0,0,0,132,147,0,0,0,0,0,0,0,0,0
4/29/2024 15:53,Treadmill Running,106,Indoor Running,865.66,865.66,1974.09,212,1950,2.28,3.05,141,153,74,105,0,0,0,0,0,0,0
4/29/2024 15:51,Running,100,Running,118.61,118.61,220.44,21,216,1.86,3.21,132,146,70,140,260,333,1,256,260,0,3
4/26/2024 13:37,Running,100,Running,2037.76,2037.76,5111.43,514,5263,2.51,3.18,141,152,78,117,274,546,1,248,260,15,19
4/25/2024 14:37,Weight Training,1404,Functional Strength Training,615.45,615.45,0,82,0,0,0,126,140,0,0,0,0,0,0,0,0,0
4/25/2024 14:05,Running,100,Running,1755.18,1755.18,4006.77,403,4236,2.28,3.17,136,160,73,117,246,545,1,248,260,15,15
4/24/2024 15:17,Treadmill Running,106,Indoor Running,921.99,921.99,1932.94,205,2083,2.1,2.84,140,152,70,85,0,0,0,0,0,0,0
4/24/2024 15:02,Running,100,Running,912.65,912.65,2384.73,237,2436,2.61,3.1,144,150,81,87,282,441,1,249,260,5,14
4/23/2024 20:16,Weight Training,1404,WeightTraining,1385,1385,0,155,0,0,0,102,118,0,0,0,0,0,0,0,0,0
4/23/2024 20:15,Weight Training,1404,Functional Strength Training,1479.69,1479.69,0,155,0,0,0,102,118,0,0,0,0,0,0,0,0,0
4/22/2024 13:19,Weight Training,1404,Functional Strength Training,973.27,973.27,0,135,0,0,0,125,148,0,0,0,0,0,0,0,0,0
4/22/2024 12:59,Treadmill Running,106,Indoor Running,1201.31,1201.31,2720.34,287,2766,2.26,3,135,154,76,142,0,0,0,0,0,0,0
4/20/2024 14:26,Running,100,Running,1950.91,1950.91,4090.85,411,4233,2.1,3.2,132,154,71,164,237,519,1,248,261,12,6
4/19/2024 13:23,Indoor Walking,206,Indoor Walking,1564.01,1564.01,3237.4,360,3137,2.07,3.01,131,141,54,79,0,0,0,0,0,0,0
4/18/2024 12:36,Weight Training,1404,Functional Strength Training,761.31,761.31,0,106,0,0,0,128,144,0,0,0,0,0,0,0,0,0
4/18/2024 12:06,Running,100,Running,1752.11,1752.11,4026.18,400,4135,2.3,3.22,134,154,71,84,242,502,1,249,261,15,14
4/17/2024 11:08,Running,100,Running,2234.92,2234.92,4696.75,479,4833,2.1,3.63,140,154,72,152,258,804,1,248,262,20,20
4/16/2024 12:28,Running,100,Running,2079.48,2079.48,4501.73,453,8627,2.16,3.02,139,152,70,140,252,392,1,248,260,16,23
4/15/2024 11:11,Running,100,Running,2060.65,2060.65,4502.26,460,4451,2.18,3.6,146,159,71,164,258,437,1,247,260,16,22
4/13/2024 14:22,Walking,200,Walking,2191.25,2191.25,4223.96,429,4087,1.93,3.54,130,151,53,79,0,0,1,248,261,9,16
4/12/2024 12:13,Treadmill Running,106,Indoor Running,1963.49,1963.49,3309.95,374,3427,1.69,3.02,139,158,69,141,0,0,0,0,0,0,0
4/11/2024 11:43,Treadmill Running,106,Indoor Running,1853.85,1853.85,3555.47,380,3752,1.92,2.83,141,166,75,164,0,0,0,0,0,0,0
4/10/2024 12:25,Running,100,Running,2098.35,2098.35,4509.74,452,4677,2.15,3.11,143,157,72,129,249,379,1,249,261,13,16
4/9/2024 11:08,Running,100,Running,2091.75,2091.75,4480.38,454,7546,2.14,3.04,143,160,71,140,246,487,1,248,260,18,15
4/7/2024 13:41,Running,100,Running,2027.78,2027.78,4544.87,463,4846,2.24,3.06,145,158,74,85,256,532,1,244,260,17,30
4/2/2024 7:38,Running,100,Running,721.83,721.83,1114.92,95,1216,1.54,1.91,98,104,51,63,147,466,1,4,11,10,14
4/1/2024 8:14,Running,100,Running,1430.75,1430.75,1846.99,184,2256,1.29,3.09,109,126,55,140,164,540,1,1,13,38,26
3/31/2024 11:30,Running,100,Running,807.2,807.2,989.25,92,1169,1.23,2.33,98,124,52,175,137,411,1,0,12,32,26
3/28/2024 12:13,Treadmill Running,106,Indoor Running,1847.79,1847.79,3194.6,345,3411,1.73,3.05,139,155,74,187,0,0,0,0,0,0,0
3/27/2024 10:41,Treadmill Running,106,Indoor Running,1962.99,1962.99,3272.59,379,3506,1.67,2.88,143,154,74,149,0,0,0,0,0,0,0
3/25/2024 15:09,Treadmill Running,106,Indoor Running,1237.59,1237.59,2277.52,254,2500,1.84,2.69,139,152,73,164,0,0,0,0,0,0,0
3/24/2024 16:04,Running,100,Running,1472.52,1472.52,2750.53,280,3042,1.87,3.17,116,157,69,175,222,836,1,251,261,12,10
3/23/2024 16:34,Running,100,Running,1723.67,1723.67,3775.88,384,3958,2.19,3.21,141,159,70,129,233,583,1,248,260,13,12
3/22/2024 10:52,Treadmill Running,106,Indoor Running,1928.19,1928.19,3358.14,379,3498,1.74,2.82,137,154,71,164,0,0,0,0,0,0,0
3/21/2024 12:12,Treadmill Running,106,Indoor Running,1988.67,1988.67,2937.88,341,3263,1.48,2.71,131,151,70,140,0,0,0,0,0,0,0
3/19/2024 11:16,Treadmill Running,106,Indoor Running,1743.85,1743.85,3187.84,344,3487,1.83,2.81,134,152,76,164,0,0,0,0,0,0,0
3/17/2024 15:04,Running,100,Running,2153.28,2153.28,3182.31,327,3523,1.48,2.83,122,154,61,187,188,298,1,258,258,0,0
3/15/2024 15:14,Running,100,Running,1959.85,1959.85,4095.58,432,4210,2.09,3.1,144,162,71,102,251,508,1,249,261,14,20
3/14/2024 10:02,Running,100,Running,1572.33,1572.33,3420.69,354,3547,2.18,3.18,148,161,72,89,261,550,1,250,260,11,18
3/13/2024 17:48,Walking,200,Walking,2383.92,2383.92,2035.51,220,2638,0.85,1.84,104,136,33,46,0,0,1,256,259,2,0
3/13/2024 14:04,Running,100,Running,2051.01,2051.01,4194.23,438,4690,2.04,3.08,145,160,74,140,244,393,1,249,267,16,28
3/12/2024 14:36,Running,100,Running,1475.76,1475.76,3303.13,341,3553,2.24,3.24,147,161,74,91,253,390,1,250,261,12,15
3/7/2024 17:10,Walking,200,Walking,2035.26,2035.26,1945.45,219,2548,0.96,1.63,99,113,35,42,0,0,1,256,263,2,5
3/7/2024 14:58,Running,100,Running,1491.43,1491.43,3399.58,347,3593,2.28,3.19,145,161,74,85,255,431,1,250,262,5,17
3/6/2024 11:24,Treadmill Running,106,Indoor Running,1508.45,1508.45,2704.88,295,3033,1.79,2.74,135,157,69,153,0,0,0,0,0,0,0
3/5/2024 17:25,Walking,200,Walking,1817.18,1817.18,1802.41,164,2285,0.99,1.41,100,106,37,46,0,0,1,257,261,0,3
3/5/2024 14:55,Running,100,Running,1684.76,1684.76,3365.24,351,3768,2,2.84,141,155,73,164,243,302,1,256,260,2,6
3/4/2024 15:13,Running,100,Running,1792.46,1792.46,3561.17,371,3966,1.99,3,139,159,71,94,241,429,1,256,261,6,10
3/3/2024 14:20,Cycling,500,Cycling,2278.79,2826.69,4742.17,134,0,2.08,4.81,106,132,0,0,0,0,1,253,262,4,20
3/1/2024 13:51,Treadmill Running,106,Indoor Running,1865.46,1865.46,3077.85,349,3438,1.65,2.6,136,154,74,187,0,0,0,0,0,0,0
2/28/2024 13:05,Treadmill Running,106,Indoor Running,1768.68,1768.68,3017.57,334,3388,1.71,2.81,136,156,74,164,0,0,0,0,0,0,0
2/27/2024 11:32,Other,1000,Cool Down,341.97,341.97,0,52,0,0,0,117,129,0,0,0,0,0,0,0,0,0
2/27/2024 11:10,Treadmill Running,106,Indoor Running,1260.72,1273.73,2618.86,295,2884,2.08,2.89,144,157,71,82,0,0,0,0,0,0,0
2/26/2024 12:56,Running,100,Running,1583.13,1583.13,3007.59,313,3560,1.9,3.17,140,157,71,161,223,607,1,250,260,13,10
2/25/2024 13:49,Cycling,500,Cycling,3083.55,3378.96,6207,192,0,2.01,4.04,117,144,0,0,0,0,1,253,260,7,18
2/23/2024 10:57,Weight Training,1404,Functional Strength Training,1229.76,1229.76,0,229,0,0,0,139,157,0,0,0,0,0,0,0,0,0
2/23/2024 10:45,Treadmill Running,106,Indoor Running,626.17,635.12,1497.56,157,1481,2.39,3.43,128,151,74,117,0,0,0,0,0,0,0
2/22/2024 12:50,Treadmill Running,106,Indoor Running,1882.31,1882.31,3408.03,385,3287,1.81,3.33,132,158,67,164,0,0,0,0,0,0,0
2/21/2024 17:14,Walking,200,Walking,1194.19,1194.19,1229.08,120,1406,1.03,2.1,96,108,31,52,0,0,1,257,258,0,0
1/18/2024 12:33,Treadmill Running,106,Indoor Running,1486.78,1486.78,1842.47,206,2257,1.24,2.29,122,144,65,140,0,0,0,0,0,0,0
12/29/2023 14:57,Walking,200,Walking,2058.78,2058.78,1427.36,179,1783,0.69,1.58,101,127,23,40,0,0,1,32,37,58,9
9/25/2023 15:27,Running,100,Running,2064.88,2064.88,4093.79,448,4765,1.98,2.85,145,162,70,140,235,796,1,248,260,13,17
9/18/2023 15:27,Running,100,Running,2151.81,2151.81,4178.41,465,4910,1.94,2.67,139,156,70,122,230,554,1,249,260,15,20
9/13/2023 14:48,Running,100,Running,2143.02,2143.02,3728.11,416,8114,1.74,2.76,136,153,62,88,209,466,1,249,260,21,18
8/28/2023 10:11,Treadmill Running,106,Indoor Running,2044.24,2044.24,2702.3,355,3072,1.32,2.78,126,158,72,135,0,0,0,0,0,0,0
8/2/2023 20:30,Walking,200,Walking,2672.25,2672.25,2241.14,226,2850,0.84,1.37,88,102,39,47,0,0,1,255,261,5,5
7/28/2023 14:51,Running,100,Running,2186.6,2186.6,4058.29,443,4587,1.86,3.33,131,151,67,117,225,536,1,249,259,11,12
7/26/2023 17:50,Running,100,Running,2119.79,2119.79,4299.2,465,8815,2.03,3.09,139,156,66,82,234,608,1,250,260,14,9
7/24/2023 9:53,Running,100,Running,2037,2037,4243.59,462,4873,2.08,2.77,140,155,73,140,247,548,1,249,260,6,10
7/21/2023 15:49,Running,100,Running,2087.55,2087.55,4011.19,431,4572,1.92,2.84,138,159,71,136,238,556,1,249,261,9,7
7/18/2023 21:21,Running,100,Running,895.03,895.03,1782.23,198,3630,1.99,2.82,142,160,74,146,255,309,1,251,259,14,8
7/18/2023 20:48,Walking,200,Walking,1945.93,1945.93,2281.26,194,2836,1.17,1.6,97,103,44,50,0,0,1,257,261,0,5
6/27/2023 15:28,Treadmill Running,106,Indoor Running,1308.79,1308.79,2588.31,286,3114,1.98,2.75,144,160,65,83,0,0,0,0,0,0,0
6/26/2023 20:04,Running,100,Running,2057.26,2057.26,3842.27,418,4397,1.87,2.83,128,151,65,88,212,533,1,248,261,10,16
6/23/2023 15:22,Running,100,Running,2183.14,2183.14,4466.28,501,7918,2.05,2.64,144,159,74,121,261,771,1,249,261,15,16
6/21/2023 19:02,Running,100,Running,2291.88,2291.88,5170.51,600,5725,2.26,3.6,153,165,76,105,267,417,1,246,252,5,3
6/16/2023 16:37,Running,100,Running,1985.1,1985.1,3299.04,360,5402,1.66,2.99,117,157,62,122,198,525,1,248,259,11,10
6/15/2023 10:56,Running,100,Running,2220.92,2220.92,4827.28,518,9527,2.17,3.1,149,168,70,105,256,560,1,249,261,10,16
6/10/2023 12:01,Walking,200,Walking,1954.78,1954.78,669.13,145,882,0.34,1.31,105,130,17,94,0,0,1,256,258,31,0
6/9/2023 11:10,Running,100,Running,1710.26,1710.26,3919.1,426,4231,2.29,3.3,151,164,75,89,277,675,1,248,260,13,10
6/1/2023 21:18,Running,100,Running,1580.75,1580.75,3103.22,340,3444,1.96,3.03,130,152,67,175,229,581,1,250,259,5,13
5/30/2023 13:30,Running,100,Running,2400.11,2400.11,3903.87,452,4469,1.63,3.19,137,159,67,157,226,631,1,249,260,15,6
5/29/2023 17:12,Running,100,Running,2009.93,2009.93,4054.69,457,8087,2.02,3.17,143,164,64,105,238,539,1,248,259,13,9
5/28/2023 11:07,Walking,200,Walking,2950.92,2950.92,2120.15,262,2900,0.72,1.54,81,102,32,70,0,0,1,180,184,4,0
5/26/2023 10:03,Running,100,Running,2404.97,2404.97,5163.74,561,6035,2.15,3.1,143,156,70,85,262,876,1,249,260,25,19
5/23/2023 12:32,Running,100,Running,1871.03,1871.03,3803.72,413,4226,2.03,3.14,144,160,71,187,250,602,1,251,260,6,7
5/22/2023 10:53,Running,100,Running,2006.87,2006.87,4067.88,440,7821,2.03,2.99,140,161,67,117,240,398,1,251,261,4,8
5/18/2023 12:20,Treadmill Running,106,Indoor Running,1903.59,1903.59,2916.95,350,3768,1.53,2.58,124,165,55,107,0,0,0,0,0,0,0
4/26/2023 14:43,Treadmill Running,106,Indoor Running,2444.41,2444.41,2836.34,363,3509,1.16,2.41,126,150,75,164,0,0,0,0,0,0,0
4/24/2023 15:19,Treadmill Running,106,Indoor Running,2020.03,2020.03,3362.12,381,4161,1.66,2.42,125,142,75,187,0,0,0,0,0,0,0
4/21/2023 8:44,Treadmill Running,106,Indoor Running,2211,2211,3301.6,381,4325,1.49,2.43,126,145,64,187,0,0,0,0,0,0,0
4/20/2023 11:54,Treadmill Running,106,Indoor Running,2012.15,2012.15,3420.86,388,4175,1.7,2.42,126,151,75,152,0,0,0,0,0,0,0
4/19/2023 11:28,Treadmill Running,106,Indoor Running,2053.34,2053.34,3556.67,388,4303,1.73,2.56,112,138,74,90,0,0,0,0,0,0,0
4/18/2023 15:02,Treadmill Running,106,Indoor Running,2344.93,2344.93,3302.16,404,4228,1.41,2.51,125,152,61,140,0,0,0,0,0,0,0
4/17/2023 12:12,Treadmill Running,106,Indoor Running,2082.98,2082.98,3253.86,369,4163,1.56,2.36,126,174,62,140,0,0,0,0,0,0,0
4/13/2023 10:35,Treadmill Running,106,Indoor Running,1975.85,1975.85,3266.13,352,4542,1.65,2.31,122,137,65,128,0,0,0,0,0,0,0
4/12/2023 15:33,Treadmill Running,106,Indoor Running,2184.04,2184.04,2518.96,295,3295,1.15,2.25,112,166,57,105,0,0,0,0,0,0,0
4/11/2023 10:44,Treadmill Running,106,Indoor Running,2934.96,2934.96,2728.59,344,3642,0.93,2.3,111,129,59,169,0,0,0,0,0,0,0
3/26/2023 11:38,Cycling,500,Cycling,2346.96,2346.96,3336,181,0,1.42,4.66,103,125,0,0,0,0,1,255,260,7,5
3/12/2023 9:54,Indoor Walking,206,Indoor Walking,2058.33,2058.33,1908.63,200,2376,0.93,1.39,96,106,36,49,0,0,0,0,0,0,0
3/3/2023 12:12,Treadmill Running,106,Indoor Running,2344.14,2344.14,3202.37,379,3803,1.37,2.55,117,153,77,140,0,0,0,0,0,0,0
3/2/2023 14:29,Treadmill Running,106,Indoor Running,1986.6,1986.6,3111.59,362,3796,1.57,2.44,122,141,71,199,0,0,0,0,0,0,0
2/27/2023 15:17,Treadmill Running,106,Indoor Running,2132.66,2132.66,3525.5,398,4129,1.65,2.6,126,148,73,117,0,0,0,0,0,0,0
2/23/2023 10:15,Treadmill Running,106,Indoor Running,2082.4,2082.4,3797.57,413,4589,1.82,2.44,131,142,78,164,0,0,0,0,0,0,0
2/22/2023 11:42,Treadmill Running,106,Indoor Running,2016.9,2016.9,3280.97,365,3977,1.63,2.33,127,143,76,152,0,0,0,0,0,0,0
2/21/2023 14:05,Treadmill Running,106,Indoor Running,2004.77,2004.77,3359.62,370,4044,1.68,2.39,130,148,76,164,0,0,0,0,0,0,0
2/20/2023 12:51,Treadmill Running,106,Indoor Running,2023.21,2023.21,3369.72,376,4047,1.67,2.38,134,158,76,105,0,0,0,0,0,0,0
2/17/2023 13:42,Treadmill Running,106,Indoor Running,2246.75,2246.75,2969,380,3802,1.32,2.38,125,144,64,140,0,0,0,0,0,0,0
2/13/2023 12:09,Treadmill Running,106,Indoor Running,1206.92,1206.92,2164.45,245,2603,1.79,2.57,134,149,74,88,0,0,0,0,0,0,0
2/9/2023 12:17,Treadmill Running,106,Indoor Running,1360.1,1360.1,2534.93,286,2949,1.86,2.64,126,168,71,141,0,0,0,0,0,0,0
2/8/2023 11:12,Treadmill Running,106,Indoor Running,1666.93,1666.93,2879.37,329,3484,1.73,2.5,134,153,76,257,0,0,0,0,0,0,0
2/5/2023 17:07,Walking,200,Walking,1565.67,1565.67,1001.86,123,1309,0.64,1.43,82,107,24,58,0,0,1,259,260,6,0
2/3/2023 15:24,Treadmill Running,106,Indoor Running,2103.6,2103.6,3042.29,351,3663,1.45,2.6,114,147,66,140,0,0,0,0,0,0,0
2/2/2023 12:32,Treadmill Running,106,Indoor Running,2550.38,3144.2,3804.78,465,4543,1.49,2.59,114,163,72,164,0,0,0,0,0,0,0
2/1/2023 11:44,Running,100,Running,2130.84,2130.84,3621.87,371,4422,1.7,2.42,127,146,70,187,246,742,1,255,259,2,0
1/31/2023 14:19,Treadmill Running,106,Indoor Running,2046.69,2046.69,3282.21,391,3858,1.6,2.53,123,139,71,140,0,0,0,0,0,0,0
1/30/2023 11:26,Treadmill Running,106,Indoor Running,1906.47,1906.47,3224,354,3804,1.69,2.65,112,137,71,124,0,0,0,0,0,0,0
1/27/2023 14:19,Treadmill Running,106,Indoor Running,1615.76,1615.76,2591.12,297,3095,1.6,2.69,126,155,68,140,0,0,0,0,0,0,0
1/13/2023 11:04,Treadmill Running,106,Indoor Running,1962.04,1962.04,3058.54,348,4413,1.56,2.42,123,159,60,164,0,0,0,0,0,0,0
1/10/2023 13:27,Treadmill Running,106,Indoor Running,1423.43,1423.43,2728.39,285,3358,1.92,2.43,129,138,74,117,0,0,0,0,0,0,0
1/9/2023 13:18,Treadmill Running,106,Indoor Running,1585.71,1585.71,3016.5,307,3728,1.9,2.3,130,159,74,82,0,0,0,0,0,0,0
12/20/2022 10:11,Indoor Walking,206,Indoor Walking,1439.38,1439.38,1183.74,150,1611,0.82,1.43,102,125,37,53,0,0,0,0,0,0,0
12/6/2022 14:44,Treadmill Running,106,Indoor Running,1328.02,1328.02,2409.64,278,2813,1.81,2.71,140,168,72,132,0,0,0,0,0,0,0
12/2/2022 10:29,Treadmill Running,106,Indoor Running,2263.5,2263.5,3774.88,423,4566,1.67,2.39,124,138,74,117,0,0,0,0,0,0,0
11/30/2022 15:39,Treadmill Running,106,Indoor Running,1372.35,1372.35,2366.8,268,2684,1.72,2.79,126,161,74,140,0,0,0,0,0,0,0
11/29/2022 15:05,Treadmill Running,106,Indoor Running,1899.03,1899.03,3050.64,340,3646,1.61,2.61,114,145,62,120,0,0,0,0,0,0,0
11/28/2022 15:24,Treadmill Running,106,Indoor Running,2298.03,2298.03,3343.21,394,4008,1.45,2.66,126,161,67,140,0,0,0,0,0,0,0
11/21/2022 12:01,Treadmill Running,106,Indoor Running,2142.73,2142.73,3547.27,394,4319,1.66,2.53,124,147,75,105,0,0,0,0,0,0,0
11/18/2022 11:11,Treadmill Running,106,Indoor Running,2510.14,2510.14,3414.8,397,4124,1.36,2.57,119,159,58,140,0,0,0,0,0,0,0
11/12/2022 18:49,Walking,200,Walking,1841.1,1841.1,1198.06,147,1554,0.65,1.81,87,102,24,140,0,0,1,58,61,0,0
11/9/2022 8:09,Walking,200,Walking,1961.55,1961.55,1049.84,139,1369,0.54,1.34,81,107,24,47,0,0,1,31,32,13,0
11/8/2022 16:49,Walking,200,Walking,2709.16,2709.16,1753.04,221,2183,0.65,1.56,81,103,25,50,0,0,1,46,56,64,0
11/6/2022 16:59,Indoor Walking,206,Indoor Walking,1064.72,1064.72,868.13,90,1160,0.82,1.5,85,117,35,64,0,0,0,0,0,0,0
11/2/2022 14:08,Treadmill Running,106,Indoor Running,2126.88,2126.88,4020,433,4754,1.89,2.57,136,156,77,113,0,0,0,0,0,0,0
11/1/2022 13:58,Treadmill Running,106,Indoor Running,1662.77,1662.77,3393.75,367,3894,2.04,2.6,132,141,74,117,0,0,0,0,0,0,0
10/31/2022 13:31,Treadmill Running,106,Indoor Running,2475.19,2475.19,4512.56,501,5369,1.82,2.78,129,149,76,105,0,0,0,0,0,0,0
10/26/2022 15:18,Treadmill Running,106,Indoor Running,1715.63,1715.63,3024.59,334,3608,1.76,2.44,128,142,75,140,0,0,0,0,0,0,0
10/25/2022 9:41,Treadmill Running,106,Indoor Running,1502.5,1502.5,2683.59,292,3070,1.79,2.69,132,163,72,118,0,0,0,0,0,0,0
10/22/2022 10:49,Walking,200,Walking,2987.1,2987.1,943.1,205,1363,0.32,0.9,72,87,17,140,0,0,1,258,265,13,6
10/21/2022 12:45,Treadmill Running,106,Indoor Running,2529.18,2529.18,3740.47,444,4497,1.48,2.58,116,138,72,115,0,0,0,0,0,0,0
10/19/2022 19:06,Indoor Walking,206,Indoor Walking,356.48,356.48,36.13,24,44,0.1,4.44,77,86,9,90,0,0,0,0,0,0,0
10/19/2022 10:21,Treadmill Running,106,Indoor Running,2083.53,2083.53,3385.86,392,3936,1.63,2.69,128,153,71,140,0,0,0,0,0,0,0
10/18/2022 15:05,Treadmill Running,106,Indoor Running,2309.38,2309.38,4072.01,460,4754,1.76,2.76,135,156,71,140,0,0,0,0,0,0,0
10/17/2022 12:10,Treadmill Running,106,Indoor Running,2406.63,2406.63,4558.75,493,5366,1.89,2.68,126,140,72,152,0,0,0,0,0,0,0
10/14/2022 14:50,Treadmill Running,106,Indoor Running,1610.14,1610.14,2762.67,305,3278,1.72,2.67,122,140,72,140,0,0,0,0,0,0,0
10/13/2022 12:31,Treadmill Running,106,Indoor Running,2466.89,2466.89,3594.57,412,4273,1.46,2.7,119,144,71,141,0,0,0,0,0,0,0
10/12/2022 11:34,Treadmill Running,106,Indoor Running,2674.36,2674.36,3902.98,461,4630,1.46,2.58,131,151,73,164,0,0,0,0,0,0,0
10/11/2022 10:43,Treadmill Running,106,Indoor Running,2321.31,2321.31,3615.9,425,4273,1.56,2.62,131,150,72,117,0,0,0,0,0,0,0
10/10/2022 12:27,Treadmill Running,106,Indoor Running,2222.86,2222.86,3606.44,426,4254,1.62,2.6,124,161,68,117,0,0,0,0,0,0,0
10/7/2022 13:12,Treadmill Running,106,Indoor Running,2071.09,2071.09,3452.28,390,4079,1.67,2.67,129,144,60,152,0,0,0,0,0,0,0
10/6/2022 14:16,Treadmill Running,106,Indoor Running,2184.99,2189.43,2869.7,355,3380,1.31,2.46,124,144,72,187,0,0,0,0,0,0,0
9/29/2022 15:13,Treadmill Running,106,Indoor Running,2223.61,2223.61,3688.72,425,4433,1.66,2.59,126,147,70,141,0,0,0,0,0,0,0
9/28/2022 11:31,Treadmill Running,106,Indoor Running,2129.04,2129.04,3811.22,429,4472,1.79,2.53,126,140,68,103,0,0,0,0,0,0,0
9/27/2022 12:18,Treadmill Running,106,Indoor Running,2014.8,2014.8,4164.06,454,4864,2.07,2.61,134,145,77,87,0,0,0,0,0,0,0
9/26/2022 11:01,Treadmill Running,106,Indoor Running,2377.1,2377.1,3755.66,447,4576,1.58,2.55,128,149,70,167,0,0,0,0,0,0,0
9/22/2022 14:33,Walking,200,Walking,1023.02,1677.28,644.53,113,923,0.63,0.96,115,126,26,32,0,0,1,257,257,3,0
9/22/2022 12:45,Treadmill Running,106,Indoor Running,2090.98,2090.98,2808.38,343,3309,1.34,2.66,113,148,65,113,0,0,0,0,0,0,0
9/21/2022 11:54,Treadmill Running,106,Indoor Running,2424.67,2424.67,3335.59,413,3982,1.38,2.56,120,145,65,105,0,0,0,0,0,0,0
9/20/2022 14:07,Treadmill Running,106,Indoor Running,2329,2329,4115.27,468,4736,1.77,2.59,134,150,76,129,0,0,0,0,0,0,0
9/19/2022 12:39,Treadmill Running,106,Indoor Running,2078.46,2078.46,3952.26,458,4553,1.9,2.62,129,156,71,153,0,0,0,0,0,0,0
9/16/2022 12:35,Treadmill Running,106,Indoor Running,2339.09,2339.09,3594.8,418,4339,1.54,2.55,120,137,73,175,0,0,0,0,0,0,0
9/15/2022 14:12,Treadmill Running,106,Indoor Running,1773.02,1773.02,3058.43,351,3697,1.72,2.38,130,142,74,199,0,0,0,0,0,0,0
9/14/2022 7:01,Treadmill Running,106,Indoor Running,1097.68,1097.68,2045.91,238,2329,1.86,2.44,133,146,72,112,0,0,0,0,0,0,0
9/13/2022 9:37,Treadmill Running,106,Indoor Running,2021.73,2021.73,3592.02,411,4295,1.78,2.44,125,141,74,123,0,0,0,0,0,0,0
9/12/2022 15:55,Treadmill Running,106,Indoor Running,1621.27,1621.27,2989.49,340,3499,1.84,2.46,126,139,72,93,0,0,0,0,0,0,0
9/9/2022 10:49,Treadmill Running,106,Indoor Running,2141.91,14230.19,3341.41,654,4289,1.56,2.28,111,137,68,233,0,0,0,0,0,0,0
9/8/2022 11:34,Treadmill Running,106,Indoor Running,2112.83,2112.83,3657.04,409,4592,1.73,2.33,122,133,65,168,0,0,0,0,0,0,0
9/6/2022 14:26,Treadmill Running,106,Indoor Running,1459.22,1459.22,1609.64,204,2038,1.1,2.2,116,131,72,187,0,0,0,0,0,0,0
8/31/2022 9:09,Indoor Walking,206,Indoor Walking,1019.26,1019.26,1235.75,113,1584,1.21,1.49,97,124,46,70,0,0,0,0,0,0,0
8/29/2022 20:53,Indoor Walking,206,Indoor Walking,4990.68,4990.68,1620.1,322,2052,0.32,1.36,94,111,23,99,0,0,0,0,0,0,0
8/28/2022 19:41,Indoor Walking,206,Indoor Walking,4457.17,4457.17,2770.94,345,3667,0.62,1.34,85,105,32,50,0,0,0,0,0,0,0
8/28/2022 12:01,Walking,200,Walking,1192.59,3087.09,1083.58,151,1442,0.91,1.32,75,94,30,93,0,0,1,433,435,0,0
8/28/2022 11:07,Walking,200,Walking,2573.28,2573.28,2198.44,231,2757,0.85,1.73,95,108,35,105,0,0,1,428,452,2,32
8/26/2022 15:02,Treadmill Running,106,Indoor Running,1983.5,1983.5,3424.51,385,4105,1.73,2.29,118,128,74,106,0,0,0,0,0,0,0
8/25/2022 14:52,Treadmill Running,106,Indoor Running,1704.28,1704.28,3361.51,373,4030,1.97,2.41,130,146,74,141,0,0,0,0,0,0,0
8/24/2022 10:15,Treadmill Running,106,Indoor Running,1538.35,1538.35,2836.69,315,3552,1.84,2.25,126,133,67,140,0,0,0,0,0,0,0
8/22/2022 20:24,Running,100,Running,1332.66,1332.66,1747.14,148,2169,1.31,1.61,92,118,51,91,0,0,1,257,261,2,5
8/21/2022 9:21,Cycling,500,Cycling,2038.92,2038.92,4536.44,146,0,2.22,4.03,102,116,0,0,0,0,1,255,260,4,7
8/16/2022 14:03,Treadmill Running,106,Indoor Running,2374.18,2374.18,3880.76,436,4848,1.63,2.3,121,155,75,209,0,0,0,0,0,0,0
8/15/2022 13:23,Treadmill Running,106,Indoor Running,1645.58,1997.69,3131.79,357,3904,1.9,2.29,130,142,67,84,0,0,0,0,0,0,0
8/14/2022 11:33,Treadmill Running,106,Indoor Running,2174.25,2174.25,3576.23,401,4496,1.64,2.29,125,141,74,139,0,0,0,0,0,0,0
8/12/2022 10:33,Treadmill Running,106,Indoor Running,1845.92,1845.92,3252.45,386,3996,1.76,2.45,135,157,74,155,0,0,0,0,0,0,0
8/10/2022 20:59,Walking,200,Walking,3052.91,3052.91,2500.28,294,3621,0.82,1.32,84,102,39,49,0,0,1,257,261,0,2
8/9/2022 12:33,Running,100,Running,1984.04,1984.04,2542.16,319,3152,1.28,2.33,120,143,66,141,0,0,1,257,258,0,0
8/8/2022 13:01,Running,100,Running,1909.82,1909.82,2402.37,280,3011,1.26,2.4,116,134,65,140,0,0,1,257,258,0,0
6/13/2022 7:26,Treadmill Running,106,Indoor Running,2038.43,2038.43,2309.57,282,2885,1.13,2.38,111,133,64,128,0,0,0,0,0,0,0
6/10/2022 7:32,Treadmill Running,106,Indoor Running,1477.19,1477.19,1916.55,228,2424,1.3,2.41,117,132,68,210,0,0,0,0,0,0,0
6/7/2022 12:08,Treadmill Running,106,Indoor Running,2177.29,2177.29,3269.31,381,3998,1.5,2.28,122,139,72,211,0,0,0,0,0,0,0
6/3/2022 11:19,Treadmill Running,106,Indoor Running,2525.81,2525.81,4242.37,486,5291,1.68,2.41,128,147,72,163,0,0,0,0,0,0,0
6/1/2022 11:16,Treadmill Running,106,Indoor Running,2175.73,2175.73,2533.18,321,3068,1.16,2.36,111,138,67,117,0,0,0,0,0,0,0
5/23/2022 16:04,Treadmill Running,106,Indoor Running,1464.09,1464.09,2125.22,244,2626,1.45,2.27,116,143,69,117,0,0,0,0,0,0,0
5/23/2022 15:24,Treadmill Running,106,Indoor Running,733.17,733.17,152.97,44,198,0.21,1.06,80,111,50,164,0,0,0,0,0,0,0
5/16/2022 11:29,Treadmill Running,106,Indoor Running,2118.4,2118.4,2704.94,318,3347,1.28,2.27,111,129,64,155,0,0,0,0,0,0,0
5/15/2022 9:20,Cycling,500,Cycling,1232.41,3434.89,2934.07,138,0,2.38,4.69,98,133,0,0,0,0,1,252,260,7,2
5/12/2022 7:10,Treadmill Running,106,Indoor Running,2218.72,2218.72,1954.57,233,2928,0.88,2.2,109,114,46,164,0,0,0,0,0,0,0
5/11/2022 10:37,Treadmill Running,106,Indoor Running,2177.57,2177.57,3225.23,379,3986,1.48,2.3,124,139,64,140,0,0,0,0,0,0,0
5/10/2022 6:51,Treadmill Running,106,Indoor Running,2529.63,2529.63,2463.1,299,3285,0.97,2.19,116,148,63,161,0,0,0,0,0,0,0
5/9/2022 20:51,Walking,200,Walking,706.58,706.58,831.59,83,1001,1.18,2.82,114,139,32,72,0,0,1,257,260,1,0
4/18/2022 21:49,Indoor Walking,206,Indoor Walking,2037.83,2037.83,1980.75,290,2391,0.97,2.34,114,145,37,75,0,0,0,0,0,0,0
4/14/2022 21:18,Indoor Walking,206,Indoor Walking,1887.1,1887.1,1675.3,244,2156,0.89,1.43,116,124,32,54,0,0,0,0,0,0,0
4/13/2022 20:02,Treadmill Running,106,Indoor Running,2124.21,2124.21,2157.8,292,5817,1.02,2.22,125,152,56,245,0,0,0,0,0,0,0
2/18/2022 19:52,Treadmill Running,106,Indoor Running,1620.25,1620.25,1648.86,211,2126,1.02,2.03,120,128,59,140,0,0,0,0,0,0,0
2/16/2022 18:41,Treadmill Running,106,Indoor Running,1696.49,1696.49,2536.74,276,3255,1.5,2.35,120,138,68,140,0,0,0,0,0,0,0
2/15/2022 19:52,Indoor Walking,206,Indoor Walking,2104.78,2104.78,2423.02,337,3015,1.15,2.21,122,149,43,70,0,0,0,0,0,0,0
1/27/2022 20:36,Treadmill Running,106,Indoor Running,1522.28,1522.28,2061.5,248,2618,1.35,2.18,120,132,70,102,0,0,0,0,0,0,0
1/25/2022 20:15,Treadmill Running,106,Indoor Running,2092.8,31229.64,2834.91,1046,3694,1.35,2.33,80,144,68,141,0,0,0,0,0,0,0
1/20/2022 20:04,Treadmill Running,106,Indoor Running,1313.96,1313.96,1852.7,230,2288,1.41,2.26,122,151,64,175,0,0,0,0,0,0,0
1/19/2022 19:54,Indoor Walking,206,Indoor Walking,1739.48,1739.48,2666.43,328,3108,1.53,2.31,129,147,52,77,0,0,0,0,0,0,0
1/18/2022 19:48,Treadmill Running,106,Indoor Running,1847.46,1847.46,2803.41,361,3449,1.52,2.36,133,149,65,152,0,0,0,0,0,0,0
1/15/2022 19:03,Treadmill Running,106,Indoor Running,1327.36,1327.36,1688.64,215,2251,1.27,2.3,110,132,50,180,0,0,0,0,0,0,0
1/14/2022 20:43,Treadmill Running,106,Indoor Running,1836.51,1836.51,2761.52,356,3333,1.5,2.42,133,150,64,163,0,0,0,0,0,0,0
1/13/2022 19:59,Treadmill Running,106,Indoor Running,1678.33,1678.33,2100.32,266,2569,1.25,2.31,122,141,60,164,0,0,0,0,0,0,0
1/12/2022 19:10,Treadmill Running,106,Indoor Running,1779.01,2514.76,2496.18,339,2977,1.4,2.4,127,149,66,142,0,0,0,0,0,0,0
1/11/2022 20:13,Treadmill Running,106,Indoor Running,2003.11,2003.11,3330.62,401,3871,1.66,2.56,139,158,73,164,0,0,0,0,0,0,0
1/9/2022 16:54,Treadmill Running,106,Indoor Running,1823.23,1823.23,3047.72,362,3576,1.67,2.65,144,158,72,164,0,0,0,0,0,0,0
1/8/2022 17:00,Treadmill Running,106,Indoor Running,1718.61,1718.61,3048.05,357,3602,1.77,2.45,136,159,71,142,0,0,0,0,0,0,0
1/6/2022 19:01,Treadmill Running,106,Indoor Running,1218.46,1218.46,2221.86,260,2597,1.82,2.43,131,153,68,116,0,0,0,0,0,0,0
1/5/2022 19:51,Treadmill Running,106,Indoor Running,1905.52,1905.52,3227.15,391,4231,1.69,2.42,133,161,64,141,0,0,0,0,0,0,0
1/4/2022 19:03,Treadmill Running,106,Indoor Running,1303.82,1305.96,1479.97,203,1835,1.14,2.39,118,137,60,125,0,0,0,0,0,0,0
12/2/2021 19:09,Treadmill Running,106,Indoor Running,1619.66,1619.66,927.51,160,1260,0.57,1.62,121,132,49,164,0,0,0,0,0,0,0
11/19/2021 16:44,Treadmill Running,106,Indoor Running,907.25,907.25,1626.29,196,1933,1.79,2.43,142,153,71,187,0,0,0,0,0,0,0
11/12/2021 16:56,Treadmill Running,106,Indoor Running,1365.7,1365.7,1996.33,249,2370,1.46,2.4,141,158,73,187,0,0,0,0,0,0,0
11/8/2021 19:16,Treadmill Running,106,Indoor Running,2289.62,2289.62,2116.72,336,2627,0.92,2.24,123,152,56,141,0,0,0,0,0,0,0
11/7/2021 19:27,Treadmill Running,106,Indoor Running,2423,2423,2950.19,372,3532,1.22,2.42,119,153,60,234,0,0,0,0,0,0,0
11/6/2021 20:44,Treadmill Running,106,Indoor Running,1511.13,1511.13,2638.67,314,3098,1.75,2.4,130,152,69,187,0,0,0,0,0,0,0
11/4/2021 20:30,Treadmill Running,106,Indoor Running,1923.32,1923.32,2253.68,288,2768,1.17,2.36,112,138,63,175,0,0,0,0,0,0,0
11/3/2021 21:57,Other,1000,Other,1607,1607,0,0,0,0,0,0,0,0,0,0,0,0,0,0,0,0
11/2/2021 20:12,Treadmill Running,106,Indoor Running,1547.72,1547.72,2724.71,317,3300,1.76,2.34,139,153,70,163,0,0,0,0,0,0,0
11/1/2021 19:32,Treadmill Running,106,Indoor Running,1680.52,1680.52,2849.78,349,3501,1.7,2.4,136,154,63,186,0,0,0,0,0,0,0
10/28/2021 20:04,Treadmill Running,106,Indoor Running,1728.66,1728.66,2074.83,239,2585,1.2,2.23,113,131,57,129,0,0,0,0,0,0,0
10/27/2021 19:27,Treadmill Running,106,Indoor Running,2090.61,2090.61,2791.82,319,4687,1.34,2.42,122,148,47,104,0,0,0,0,0,0,0
10/26/2021 16:41,Treadmill Running,106,Indoor Running,1552.61,1552.61,2308.93,268,3090,1.49,2.45,110,152,50,105,0,0,0,0,0,0,0
10/25/2021 19:17,Treadmill Running,106,Indoor Running,2333.41,2333.41,3036.46,376,3708,1.3,2.4,123,150,62,112,0,0,0,0,0,0,0
10/21/2021 19:41,Treadmill Running,106,Indoor Running,2238.32,2238.32,2435.91,341,3098,1.09,2.59,124,154,57,140,0,0,0,0,0,0,0
10/19/2021 19:39,Treadmill Running,106,Indoor Running,1410.43,1410.43,2052.4,267,2468,1.46,3.39,132,152,65,156,0,0,0,0,0,0,0
10/18/2021 21:43,Treadmill Running,106,Indoor Running,1831.12,1831.12,2563.3,320,3235,1.4,2.31,127,145,59,98,0,0,0,0,0,0,0
10/13/2021 19:03,Treadmill Running,106,Indoor Running,1746.95,1746.95,1385.35,204,1876,0.79,2.06,123,132,44,141,0,0,0,0,0,0,0
10/6/2021 20:04,Treadmill Running,106,Indoor Running,1203.93,1203.93,1514.22,196,1844,1.26,2.53,120,152,67,141,0,0,0,0,0,0,0
10/4/2021 19:44,Treadmill Running,106,Indoor Running,2005.88,2005.88,2982.86,372,3688,1.49,2.39,127,155,64,105,0,0,0,0,0,0,0
9/28/2021 20:13,Treadmill Running,106,Indoor Running,1522.33,1522.33,2086.25,247,2994,1.37,2.37,116,142,48,140,0,0,0,0,0,0,0
9/27/2021 19:50,Treadmill Running,106,Indoor Running,1695.93,1699.94,2259.47,319,2848,1.33,2.53,133,160,58,117,0,0,0,0,0,0,0
9/23/2021 19:24,Treadmill Running,106,Indoor Running,1419.11,1419.11,1942.12,241,2362,1.37,2.42,115,145,64,164,0,0,0,0,0,0,0
9/22/2021 19:31,Treadmill Running,106,Indoor Running,1607.69,1607.69,2216.64,260,2684,1.38,2.41,122,147,64,140,0,0,0,0,0,0,0
9/21/2021 19:16,Treadmill Running,106,Indoor Running,1995.94,1995.94,3333.73,376,4557,1.67,2.43,128,153,65,140,0,0,0,0,0,0,0
9/20/2021 19:46,Treadmill Running,106,Indoor Running,2440.43,2440.43,3392.51,456,4224,1.39,2.31,127,153,60,140,0,0,0,0,0,0,0
9/17/2021 15:40,Treadmill Running,106,Indoor Running,1568.5,1568.5,3117.74,362,3722,1.99,2.42,142,151,71,114,0,0,0,0,0,0,0
9/16/2021 20:34,Treadmill Running,106,Indoor Running,1605,1605,2382.27,295,2963,1.48,2.36,132,153,68,136,0,0,0,0,0,0,0
9/14/2021 20:03,Treadmill Running,106,Indoor Running,2139.95,2139.95,3238.95,420,4015,1.51,2.41,136,153,66,152,0,0,0,0,0,0,0
9/14/2021 20:02,Treadmill Running,106,Indoor Running,2226.38,2227.2,3255.16,425,4108,1.46,2.31,116,122,65,136,0,0,0,0,0,0,0
9/13/2021 19:55,Treadmill Running,106,Indoor Running,2130.42,2130.42,3454.83,414,4154,1.62,2.62,137,157,68,164,0,0,0,0,0,0,0
9/13/2021 19:55,Other,1000,Other,2120,2120,0,0,0,0,0,137,157,0,0,0,0,0,0,0,0,0
9/10/2021 15:10,Treadmill Running,106,Indoor Running,1585.78,2029.2,2637.54,320,3107,1.66,2.44,132,153,69,164,0,0,0,0,0,0,0
9/9/2021 20:18,Treadmill Running,106,Indoor Running,2241.11,2241.11,3437.51,423,4542,1.53,2.39,138,160,62,128,0,0,0,0,0,0,0
9/8/2021 19:33,Treadmill Running,106,Indoor Running,2640.13,2640.13,4023.17,490,4852,1.52,2.41,132,163,69,282,0,0,0,0,0,0,0
9/3/2021 14:31,Treadmill Running,106,Indoor Running,1482.33,1482.33,2708.85,308,3113,1.83,2.44,149,156,73,94,0,0,0,0,0,0,0
9/2/2021 22:33,Treadmill Running,106,Indoor Running,1828.62,1828.62,2120.63,295,2515,1.16,2.34,121,151,66,140,0,0,0,0,0,0,0
9/2/2021 22:06,Treadmill Running,106,Indoor Running,565.57,565.57,48.67,31,67,0.09,4.24,74,108,82,187,0,0,0,0,0,0,0
8/31/2021 19:54,Other,1000,Other,2548,2548,0,0,0,0,0,135,160,0,0,0,0,0,0,0,0,0
8/31/2021 19:54,Treadmill Running,106,Indoor Running,2631.79,2631.79,3670.56,460,4341,1.39,2.41,135,160,72,211,0,0,0,0,0,0,0
8/30/2021 19:59,Treadmill Running,106,Indoor Running,2707.34,2707.34,3170.09,309,3765,1.17,2.38,128,160,67,140,0,0,0,0,0,0,0
8/28/2021 19:35,Treadmill Running,106,Indoor Running,2556.25,2556.25,2914.67,279,3786,1.14,2.39,118,147,59,176,0,0,0,0,0,0,0
8/26/2021 19:37,Treadmill Running,106,Indoor Running,2390.5,2390.5,3034.07,257,4460,1.27,2.35,121,153,50,140,0,0,0,0,0,0,0
8/23/2021 20:38,Treadmill Running,106,Indoor Running,2043.61,2043.61,2580.45,223,3126,1.26,2.43,121,159,64,116,0,0,0,0,0,0,0
8/23/2021 18:15,Treadmill Running,106,Indoor Running,639.33,639.33,890.66,74,1057,1.39,2.43,122,147,67,117,0,0,0,0,0,0,0
8/20/2021 19:48,Running,100,Running,1803.29,1803.29,2158.11,169,2666,1.2,2.83,110,118,51,132,0,0,1,249,253,4,4
8/19/2021 19:43,Running,100,Running,1429.31,1429.31,2321.26,166,2798,1.62,2.7,114,151,59,85,0,0,1,248,254,2,11
8/17/2021 20:14,Running,100,Running,2050.65,2050.65,2457.98,157,3067,1.2,2.78,101,110,50,164,0,0,1,248,254,2,10
8/8/2021 20:06,Running,100,Running,1990.13,1990.13,2188.9,165,2913,1.1,1.93,105,146,48,139,0,0,1,249,253,6,7
6/7/2021 19:54,Running,100,Running,1886.65,1886.65,2926.76,191,3472,1.55,3.74,107,115,56,94,0,0,1,249,254,2,8
5/25/2021 17:21,Running,100,Running,1136.19,1136.19,1924.34,144,3340,1.69,3.41,123,160,58,121,0,0,1,243,253,11,16
5/20/2021 16:42,Cycling,500,Cycling,1500.54,1500.54,3298.74,105,0,2.2,7.22,117,140,0,0,0,0,1,241,256,17,39
5/17/2021 17:14,Walking,200,Walking,2130.44,2130.44,3241.4,214,3392,1.52,2.02,108,117,46,57,0,0,1,242,255,17,12
5/10/2021 17:16,Running,100,Running,1538.16,1538.16,2728.3,192,3210,1.77,2.82,124,156,63,82,0,0,1,249,254,5,9
5/5/2021 20:18,Running,100,Running,1462.89,1462.89,2406.28,173,2791,1.64,5.3,114,125,64,93,0,0,1,249,253,8,6
5/3/2021 19:40,Running,100,Running,1547.92,1547.92,2405.11,176,2804,1.55,3.02,117,158,56,117,0,0,1,249,254,2,5
4/13/2021 17:58,Running,100,Running,2063.14,2063.14,3324.95,264,3971,1.61,3.19,124,161,58,137,0,0,1,242,253,20,22
10/27/2020 21:20,Running,100,running,2281.62,2311,3578.06,319,4008,1.57,4.47,0,0,0,0,0,0,1,-5,46,25,29
10/18/2020 9:54,Running,100,running,1666.41,1676,2312.26,202,2798,1.39,4.3,0,0,0,0,0,0,1,-20,50,10,31
9/15/2020 20:56,Running,100,running,1888.05,1910,3513.98,347,3896,1.86,10.29,0,0,0,0,0,0,1,-23,-4,16,16
2/3/2018 15:39,Running,100,running,2321.69,2327,4379.87,439,5148,1.89,3.21,0,0,0,0,0,0,1,124,185,75,79
1/30/2018 18:23,Running,100,running,2012.78,2016,3711.21,374,4282,1.84,4.11,0,0,0,0,0,0,1,123,180,47,52
1/28/2018 16:05,Running,100,running,3125.36,3130,5630.73,526,6426,1.8,3.72,0,0,0,0,0,0,1,125,177,97,90
1/23/2018 18:11,Running,100,running,2540.34,2542,4153.12,395,5168,1.63,5.32,0,0,0,0,0,0,1,127,192,68,89
1/21/2018 17:14,Running,100,running,3551.45,3586,5349.79,501,6494,1.51,2.94,0,0,0,0,0,0,1,134,186,94,78
11/26/2017 17:36,Running,100,running,2394.61,2398,4366.9,427,4984,1.82,3.05,0,0,0,0,0,0,1,131,184,74,82
11/16/2017 16:54,Running,100,running,3314.89,3325,6044.55,539,6810,1.82,2.86,0,0,0,0,0,0,1,137,188,94,93
11/15/2017 17:36,Running,100,running,2343.01,2350,4328.63,425,5130,1.85,9.99,0,0,0,0,0,0,1,123,188,77,72
11/14/2017 17:31,Running,100,running,2917.4,2929,5072.17,484,5876,1.74,3.01,0,0,0,0,0,0,1,134,184,72,77
11/12/2017 10:55,Running,100,running,906.93,911,1598.42,159,1944,1.76,2.76,0,0,0,0,0,0,1,125,168,25,35
8/19/2017 14:53,Running,100,running,2922.81,2926,4619.44,453,5580,1.58,3.33,0,0,0,0,0,0,1,90,143,77,73
8/18/2017 20:59,Running,100,running,1608.69,1610,2934.71,278,3318,1.82,5.05,0,0,0,0,0,0,1,135,189,46,50
8/16/2017 20:36,Running,100,running,2656.79,2667,5316.48,556,6010,2,6.3,0,0,0,0,0,0,1,90,139,86,68
8/15/2017 19:49,Running,100,running,3250.35,3261,5701.7,553,6652,1.75,3.31,0,0,0,0,0,0,1,93,144,91,86
8/10/2017 20:57,Walking,200,walking,2775.09,2777,2953.33,251,4498,1.06,3.03,0,0,0,0,0,0,1,142,182,43,43
8/9/2017 20:45,Walking,200,walking,1723.69,1731,2047.54,181,2986,1.19,2.29,0,0,0,0,0,0,1,129,161,29,34
8/8/2017 21:12,Running,100,running,2015.15,2022,3597.08,349,4454,1.79,2.71,0,0,0,0,0,0,1,123,170,66,49
8/7/2017 20:56,Running,100,running,1450.2,1471,3010.44,322,3360,2.08,2.78,0,0,0,0,0,0,1,167,194,46,45
5/7/2017 17:30,Hiking,201,hiking,8014,8035,8840,0,11980,1.1,1.93,0,0,0,0,0,0,1,128,262,160,182
4/29/2017 11:15,Hiking,201,hiking,17152,17158,11760,0,14808,0.69,2.28,0,0,0,0,0,0,1,-30,122,437,435
4/2/2017 11:20,Hiking,201,hiking,9715,10247,10560,0,14486,1.09,2.35,0,0,0,0,0,0,1,105,253,294,252
9/9/2013 9:45,Cycling,500,cycling,2329,2377.24,6834.07,390,0,2.93,7.21,0,0,0,0,0,0,1,-5,35,274,291
9/16/2012 6:28,Running,100,running,2417.1,2417.11,5537.62,385,5472,2.29,4.63,0,0,0,0,0,0,0,0,0,0,0
9/11/2012 3:33,Running,100,running,912.34,912.35,2085.67,145,1782,2.29,4.86,0,0,0,0,0,0,0,0,0,0,0
9/10/2012 15:23,Running,100,running,2062.82,2062.83,4025.06,244,3982,1.95,3.81,0,0,0,0,0,0,0,0,0,0,0
7/26/2012 14:29,Running,100,running,1285.96,1285.97,3038.86,216,2980,2.36,5.55,0,0,0,0,0,0,0,0,0,0,0
7/25/2012 14:07,Running,100,running,1432.81,1432.81,3017.77,196,3238,2.11,4.65,0,0,0,0,0,0,0,0,0,0,0
7/24/2012 14:54,Running,100,running,1839.04,1839.05,3475.74,204,3694,1.89,4.75,0,0,0,0,0,0,0,0,0,0,0
7/16/2012 14:41,Running,100,running,1014.45,1014.45,2217.65,149,2384,2.19,4.32,0,0,0,0,0,0,0,0,0,0,0
7/3/2012 14:25,Running,100,running,957.48,957.48,2106.85,142,2352,2.2,3.45,0,0,0,0,0,0,0,0,0,0,0
7/1/2012 3:41,Running,100,running,2482.66,2482.67,5664.54,393,5986,2.28,5.53,0,0,0,0,0,0,0,0,0,0,0
5/29/2012 15:15,Running,100,running,1883.9,1883.9,4093.54,273,4538,2.17,4,0,0,0,0,0,0,0,0,0,0,0
5/28/2012 14:40,Running,100,running,2062.65,2062.66,4459.2,296,3254,2.16,4.63,0,0,0,0,0,0,0,0,0,0,0
5/24/2012 15:13,Running,100,running,2287.57,2287.58,5078.09,345,5996,2.22,5.11,0,0,0,0,0,0,0,0,0,0,0
5/23/2012 15:11,Running,100,running,2348.53,2348.54,5047.49,334,5838,2.15,6.78,0,0,0,0,0,0,0,0,0,0,0
5/21/2012 14:34,Running,100,running,2215.85,2215.86,4516.02,285,4802,2.04,4.96,0,0,0,0,0,0,0,0,0,0,0
5/17/2012 15:16,Running,100,running,1735.72,1735.72,3998.27,279,4318,2.3,4.07,0,0,0,0,0,0,0,0,0,0,0
5/16/2012 15:18,Running,100,running,1906.71,2124.33,4017.21,261,4576,2.11,7.59,0,0,0,0,0,0,1,492,560,359,397
5/10/2012 15:05,Running,100,running,2012.89,2012.9,4313.99,285,3138,2.14,4.4,0,0,0,0,0,0,0,0,0,0,0
5/2/2012 15:08,Running,100,running,2672.38,2672.39,5094.21,302,4970,1.91,3.88,0,0,0,0,0,0,0,0,0,0,0
10/3/2011 14:36,Running,100,running,1523.74,1523.75,2178.9,163,3906,1.43,6.19,0,0,0,0,0,0,0,0,0,0,0
9/30/2011 14:41,Running,100,running,1365.5,1365.51,3004.3,315,3380,2.2,3.72,0,0,0,0,0,0,0,0,0,0,0
9/29/2011 14:19,Running,100,running,1453.1,1453.1,3142.83,326,3174,2.16,3.66,0,0,0,0,0,0,0,0,0,0,0
9/28/2011 14:30,Running,100,running,1031.25,1031.26,2304.4,245,2310,2.23,3.5,0,0,0,0,0,0,0,0,0,0,0
9/27/2011 14:38,Walking,200,walking,4825.1,4825.12,7896.33,604,4340,1.64,5.32,0,0,0,0,0,0,0,0,0,0,0
9/23/2011 14:29,Running,100,running,1576,1576.01,2064.37,157,2724,1.31,2.89,0,0,0,0,0,0,0,0,0,0,0
5/24/2011 4:02,Running,100,running,1331.93,1331.93,590.11,73,2830,0.44,2.78,0,0,0,0,0,0,0,0,0,0,0
5/23/2011 15:09,Running,100,running,2019.7,2019.7,3999.81,383,3828,1.98,5.4,0,0,0,0,0,0,0,0,0,0,0
4/12/2011 3:53,Running,100,running,1774.72,1774.73,3673.28,264,3738,2.07,4.44,0,0,0,0,0,0,0,0,0,0,0
4/11/2011 3:55,Running,100,running,1957,1957,2744.19,197,3768,1.4,5.09,0,0,0,0,0,0,0,0,0,0,0
3/30/2011 3:40,Running,100,running,1744.96,1744.96,3534.07,254,3632,2.03,4.69,0,0,0,0,0,0,0,0,0,0,0
3/29/2011 3:51,Running,100,running,1657.79,1657.8,3636.19,262,3706,2.19,4.55,0,0,0,0,0,0,0,0,0,0,0
3/28/2011 14:38,Running,100,running,2424.08,2424.08,4267.57,307,4588,1.76,9.64,0,0,0,0,0,0,0,0,0,0,0
1/5/2011 13:49,Running,100,running,1209.15,1209.16,2635.73,298,2654,2.18,4.15,0,0,0,0,0,0,0,0,0,0,0
12/27/2010 14:07,Running,100,running,1534.35,1534.36,3123.94,353,3560,2.04,4.67,0,0,0,0,0,0,0,0,0,0,0
10/26/2010 15:00,Running,100,running,1364.32,1364.32,3098.13,351,3310,2.27,4.46,0,0,0,0,0,0,0,0,0,0,0
10/24/2010 4:16,Running,100,running,2472.86,2472.87,5753.04,651,5990,2.33,3.56,0,0,0,0,0,0,0,0,0,0,0
10/20/2010 15:11,Running,100,running,1847.63,1847.64,6154.77,697,4540,3.33,5.96,0,0,0,0,0,0,0,0,0,0,0
10/19/2010 15:39,Running,100,running,1052.32,1052.32,940.67,106,2312,0.89,3.73,0,0,0,0,0,0,0,0,0,0,0
9/30/2010 14:54,Running,100,running,1654.31,1654.31,4128.38,467,4164,2.5,4.71,0,0,0,0,0,0,0,0,0,0,0
9/29/2010 15:08,Running,100,running,1794.86,1794.86,4009.92,454,4534,2.23,4.53,0,0,0,0,0,0,0,0,0,0,0
9/28/2010 15:56,Running,100,running,2412.64,2416.11,6278.95,711,5850,2.6,3.74,0,0,0,0,0,0,1,491,547,404,414
9/25/2010 5:53,Running,100,running,2136.91,2136.92,5723.82,648,5278,2.68,4.76,0,0,0,0,0,0,0,0,0,0,0
9/22/2010 15:16,Running,100,running,2257.28,2257.29,5250.15,378,5786,2.33,5.11,0,0,0,0,0,0,0,0,0,0,0
9/19/2010 4:39,Running,100,running,2119.39,2119.39,5365.87,607,5630,2.53,5.11,0,0,0,0,0,0,0,0,0,0,0
9/17/2010 14:57,Running,100,running,2284.73,2284.74,5159.39,584,5956,2.26,4.38,0,0,0,0,0,0,0,0,0,0,0
9/16/2010 15:11,Running,100,running,2314.15,2314.15,5250.75,594,5958,2.27,3.93,0,0,0,0,0,0,0,0,0,0,0
9/14/2010 15:02,Running,100,running,2160,2160,4035.36,457,5302,1.87,4.82,0,0,0,0,0,0,0,0,0,0,0
9/13/2010 15:47,Running,100,running,474.99,474.99,866.67,98,916,1.82,4.11,0,0,0,0,0,0,0,0,0,0,0
